# Sex x age cell population shares and participation rates, monthly
#   1976-02 to 2026-02
# Nicolas Petrosky-Nadeau
# Suggested citation: Petrosky-Nadeau, 2026, "Labor Market Trends and Projections" (methodology note).
# For each of ten sex x age cells (Men/Women x 16-24, 25-34, 35-44, 45-54, 55+):
#   share_{sex}_{age}: cell population share (fraction, sums to ~1 across cells each month)
#   lfpr_{sex}_{age}: cell labor force participation rate (percent)
# Method: BLS CPS microdata (10 sex x age cells), seasonally adjusted and smoothed with a
#   3-month moving average.
#   The composition-constant counterfactual for a base month t0 is
#   cf_t = sum_j share_j(t0) * lfpr_j(t); the composition effect is actual - cf. Age-only
#   or sex-only breakdowns sum the cells over the other dimension before freezing.
date,share_M_16_24,share_M_25_34,share_M_35_44,share_M_45_54,share_M_55_pl,share_F_16_24,share_F_25_34,share_F_35_44,share_F_45_54,share_F_55_pl,lfpr_M_16_24,lfpr_M_25_34,lfpr_M_35_44,lfpr_M_45_54,lfpr_M_55_pl,lfpr_F_16_24,lfpr_F_25_34,lfpr_F_35_44,lfpr_F_45_54,lfpr_F_55_pl
1976-02,0.111323,0.097387,0.070694,0.073880,0.119017,0.116771,0.103534,0.076491,0.079519,0.151383,72.8063,95.2991,95.4337,91.3511,48.3842,58.3173,56.3597,57.7586,54.7734,23.3857
1976-03,0.111343,0.097542,0.070663,0.073749,0.119003,0.116754,0.103696,0.076464,0.079371,0.151416,72.9923,95.3171,95.4526,91.4412,48.2607,58.5945,56.3639,57.8387,54.9274,23.1996
1976-04,0.111370,0.097700,0.070632,0.073617,0.118987,0.116736,0.103856,0.076436,0.079221,0.151445,73.1460,95.3510,95.4452,91.4527,48.1853,58.8272,56.7848,57.3207,54.9275,22.9726
1976-05,0.111414,0.097858,0.070607,0.073483,0.118963,0.116716,0.104012,0.076408,0.079072,0.151468,73.1267,95.3384,95.3174,91.5931,48.0466,58.7044,57.0679,57.1927,55.1652,22.8794
1976-06,0.111421,0.098024,0.070578,0.073352,0.118957,0.116697,0.104169,0.076378,0.078922,0.151504,73.3475,95.2822,95.2365,91.6718,47.9674,58.6364,57.3509,57.1435,55.1866,23.0654
1976-07,0.111412,0.098178,0.070568,0.073209,0.118973,0.116668,0.104316,0.076363,0.078758,0.151556,73.2970,95.2171,95.2411,91.7149,48.0556,58.5284,57.5356,57.6483,55.2239,23.1868
1976-08,0.111384,0.098331,0.070571,0.073055,0.118999,0.116637,0.104462,0.076365,0.078582,0.151614,73.5441,95.1397,95.4068,91.6795,48.2716,58.4517,57.5770,58.0047,55.1232,23.1162
1976-09,0.111340,0.098476,0.070591,0.072895,0.119070,0.116573,0.104591,0.076380,0.078404,0.151680,73.3503,95.0922,95.4140,91.5417,48.2395,58.4545,57.6118,58.3274,55.1611,22.8956
1976-10,0.111298,0.098623,0.070605,0.072736,0.119139,0.116510,0.104722,0.076395,0.078227,0.151746,73.4948,95.1055,95.3953,91.4493,48.0218,58.5132,57.8795,58.4724,55.1996,22.7923
1976-11,0.111203,0.098766,0.070633,0.072608,0.119321,0.116449,0.104872,0.076435,0.078079,0.151635,73.7658,95.0965,95.3945,91.4276,47.5998,58.7161,58.3111,58.5787,55.2860,22.8818
1976-12,0.111152,0.098914,0.070664,0.072473,0.119447,0.116414,0.105032,0.076477,0.077920,0.151507,73.8712,95.1233,95.4676,91.2350,47.4835,58.9067,58.6781,58.7170,55.2491,22.8988
1977-01,0.111104,0.099064,0.070697,0.072340,0.119566,0.116383,0.105194,0.076522,0.077763,0.151368,74.0962,95.2012,95.5439,91.1844,47.5358,59.3298,58.9150,58.9166,55.2282,22.8854
1977-02,0.111127,0.099208,0.070718,0.072178,0.119552,0.116353,0.105339,0.076546,0.077582,0.151397,74.0506,95.3409,95.6122,91.0161,47.6572,59.9301,59.0306,59.0252,55.5046,22.7952
1977-03,0.111129,0.099358,0.070740,0.072019,0.119540,0.116325,0.105487,0.076571,0.077402,0.151428,73.8859,95.3637,95.6814,91.1179,47.6787,60.1582,59.1724,59.2217,55.8276,22.8837
1977-04,0.111130,0.099506,0.070759,0.071858,0.119548,0.116288,0.105627,0.076590,0.077219,0.151476,73.8233,95.2260,95.7435,91.1278,47.6869,59.9834,59.4104,59.3060,56.0620,23.0140
1977-05,0.111114,0.099657,0.070779,0.071697,0.119577,0.116245,0.105761,0.076606,0.077034,0.151532,74.1615,95.2302,95.7528,91.1963,47.6072,60.1060,59.6351,59.4418,56.0414,22.9932
1977-06,0.111084,0.099800,0.070797,0.071537,0.119619,0.116200,0.105895,0.076621,0.076849,0.151599,74.7274,95.2461,95.6363,91.0793,47.5260,59.8819,59.7785,59.7930,55.5326,22.8412
1977-07,0.111042,0.099918,0.070849,0.071383,0.119649,0.116149,0.106006,0.076674,0.076672,0.151657,75.0974,95.4444,95.5567,91.0195,47.2439,60.3105,59.8273,59.9403,55.4077,22.6676
1977-08,0.110993,0.100013,0.070938,0.071231,0.119673,0.116089,0.106090,0.076761,0.076500,0.151712,74.9514,95.3266,95.5458,90.9833,47.2901,60.2649,60.0035,60.0236,55.4722,22.7906
1977-09,0.110935,0.100083,0.071062,0.071083,0.119697,0.116016,0.106146,0.076881,0.076331,0.151766,74.9549,95.3760,95.7117,91.2226,47.5726,60.7447,60.1635,59.8371,56.0394,22.9704
1977-10,0.110860,0.100149,0.071201,0.070943,0.119719,0.115932,0.106221,0.077013,0.076160,0.151803,74.9137,95.3342,95.7762,91.4664,47.8729,60.8630,60.3157,60.1261,56.4814,23.1033
1977-11,0.110779,0.100212,0.071336,0.070806,0.119744,0.115848,0.106299,0.077145,0.075990,0.151843,74.8846,95.4258,95.8405,91.6770,47.9172,60.9576,60.3253,60.5067,56.4741,23.0815
1977-12,0.110708,0.100281,0.071474,0.070670,0.119757,0.115764,0.106376,0.077276,0.075820,0.151875,74.7947,95.3864,95.9215,91.6884,47.6196,61.2128,60.4830,60.9285,56.4610,23.1012
1978-01,0.110655,0.100353,0.071599,0.070528,0.119759,0.115694,0.106437,0.077399,0.075655,0.151918,74.5887,95.2840,95.9314,91.5404,47.3490,61.1665,60.7442,61.0204,56.2700,23.0507
1978-02,0.110623,0.100422,0.071726,0.070391,0.119743,0.115628,0.106498,0.077526,0.075495,0.151949,74.6800,95.2335,95.8595,91.4742,47.2061,61.1792,61.1575,61.2030,56.3985,23.0806
1978-03,0.110589,0.100490,0.071854,0.070255,0.119720,0.115565,0.106561,0.077655,0.075336,0.151975,74.6964,95.2485,95.6699,91.3782,47.3133,61.3263,61.6220,61.3083,56.4747,23.1531
1978-04,0.110560,0.100561,0.071981,0.070118,0.119703,0.115497,0.106622,0.077780,0.075175,0.152003,74.8512,95.2945,95.5706,91.5134,47.4663,61.7922,61.8337,61.7504,56.2728,23.2568
1978-05,0.110536,0.100638,0.072105,0.069977,0.119699,0.115420,0.106677,0.077899,0.075011,0.152037,75.0743,95.3024,95.5617,91.2383,47.6021,62.4650,61.9818,62.0572,56.4313,23.3426
1978-06,0.110491,0.100704,0.072223,0.069838,0.119715,0.115341,0.106734,0.078019,0.074848,0.152087,75.1958,95.2892,95.5537,91.1189,47.5350,62.7886,62.1005,62.2464,56.6951,23.2770
1978-07,0.110433,0.100795,0.072328,0.069696,0.119728,0.115251,0.106817,0.078132,0.074684,0.152134,75.5023,95.3270,95.5540,90.9296,47.4422,63.1021,62.0005,62.0756,57.3423,23.1659
1978-08,0.110333,0.100904,0.072419,0.069552,0.119759,0.115154,0.106928,0.078236,0.074518,0.152195,75.5017,95.3564,95.5061,91.1715,47.2675,63.0882,62.2866,62.0124,57.6883,23.1545
1978-09,0.110222,0.101056,0.072490,0.069406,0.119830,0.115028,0.107060,0.078315,0.074349,0.152242,75.6981,95.2736,95.5175,91.3593,47.2735,63.0754,62.7474,62.1476,57.9130,23.0653
1978-10,0.110112,0.101206,0.072562,0.069260,0.119907,0.114902,0.107188,0.078391,0.074179,0.152291,75.6741,95.3105,95.6603,91.5064,47.4921,62.7277,63.2829,62.2633,58.0801,23.2251
1978-11,0.110011,0.101365,0.072637,0.069113,0.119971,0.114776,0.107322,0.078466,0.074008,0.152329,75.6570,95.4636,95.7205,91.6151,47.6386,62.8755,63.4911,62.2865,58.1324,23.2669
1978-12,0.109927,0.101526,0.072733,0.068966,0.119980,0.114660,0.107454,0.078551,0.073835,0.152366,75.6374,95.5547,95.7917,91.6927,47.8532,62.9755,63.2971,62.1619,58.1854,23.4672
1979-01,0.109843,0.101688,0.072831,0.068821,0.119978,0.114548,0.107590,0.078639,0.073665,0.152397,75.5359,95.5752,95.7710,91.8551,47.6948,63.4863,63.3309,62.3801,58.1284,23.5940
1979-02,0.109773,0.101833,0.072923,0.068680,0.119985,0.114432,0.107712,0.078729,0.073497,0.152437,75.5362,95.4289,95.8472,91.8834,47.4111,63.5583,63.2140,62.8635,58.0611,23.6215
1979-03,0.109706,0.101967,0.073007,0.068536,0.119999,0.114319,0.107836,0.078818,0.073329,0.152482,75.5829,95.3767,95.7830,91.7322,46.8811,63.4597,63.2786,63.1917,57.9006,23.4645
1979-04,0.109637,0.102099,0.073090,0.068391,0.120026,0.114202,0.107955,0.078903,0.073160,0.152535,75.4791,95.3216,95.6412,91.4274,46.6766,62.9892,63.3920,63.3257,57.4651,23.2527
1979-05,0.109553,0.102246,0.073175,0.068246,0.120040,0.114093,0.108087,0.078990,0.072992,0.152578,75.5386,95.3378,95.6123,91.3027,46.6774,62.6145,63.6581,63.2257,57.4277,23.1161
1979-06,0.109481,0.102380,0.073253,0.068100,0.120056,0.113983,0.108218,0.079078,0.072825,0.152624,75.5863,95.4566,95.7568,91.4138,46.8557,62.5327,64.0068,63.4930,57.8311,23.1049
1979-07,0.109397,0.102522,0.073325,0.067957,0.120080,0.113860,0.108357,0.079162,0.072663,0.152676,75.4040,95.4548,95.9572,91.6012,46.9610,62.5196,64.3595,63.9405,58.5603,23.1392
1979-08,0.109300,0.102671,0.073389,0.067815,0.120113,0.113728,0.108507,0.079239,0.072504,0.152734,75.6406,95.4979,95.9788,91.5574,47.0569,62.5524,64.7509,64.4165,58.9344,23.1303
1979-09,0.109174,0.102817,0.073469,0.067687,0.120156,0.113590,0.108673,0.079328,0.072346,0.152760,75.3508,95.4954,95.8831,91.3252,46.9421,62.6937,64.8792,64.9370,58.9520,23.2996
1979-10,0.109049,0.102963,0.073549,0.067559,0.120196,0.113456,0.108841,0.079415,0.072187,0.152785,75.4448,95.4876,95.7741,90.9742,46.7104,62.9121,64.9803,64.8444,59.1094,23.3289
1979-11,0.108921,0.103112,0.073640,0.067435,0.120237,0.113313,0.109002,0.079503,0.072029,0.152808,75.2209,95.4879,95.6608,90.8531,46.3975,63.2387,64.9795,64.9242,59.4359,23.4007
1979-12,0.109138,0.103895,0.073453,0.066733,0.120093,0.113401,0.109596,0.078968,0.071507,0.153217,75.2979,95.4857,95.5400,90.8952,46.3033,63.1349,65.2457,64.8726,59.7728,23.3341
1980-01,0.109348,0.104687,0.073272,0.066033,0.119928,0.113489,0.110211,0.078427,0.070990,0.153615,75.4084,95.4822,95.3764,91.0731,46.4394,62.8337,65.5157,65.1567,59.9625,23.2980
1980-02,0.109576,0.105468,0.073094,0.065329,0.119748,0.113575,0.110824,0.077901,0.070477,0.154008,75.3669,95.3468,95.3058,91.1371,46.3949,62.1776,65.6731,65.3350,59.8234,23.1806
1980-03,0.109456,0.105636,0.073194,0.065201,0.119716,0.113442,0.110984,0.078006,0.070339,0.154026,75.1960,95.2239,95.3366,91.2378,46.1917,61.8550,65.8708,65.3940,59.6612,23.0645
1980-04,0.109360,0.105797,0.073300,0.065073,0.119678,0.113308,0.111098,0.078151,0.070197,0.154039,75.1648,95.1774,95.3786,91.2013,45.9022,62.0117,65.7434,65.6042,59.3633,22.9580
1980-05,0.109257,0.105977,0.073406,0.064946,0.119639,0.113181,0.111198,0.078305,0.070049,0.154041,74.9162,95.1585,95.4186,91.2539,45.7913,62.1951,65.5049,65.6168,59.6073,22.8992
1980-06,0.109149,0.106160,0.073503,0.064788,0.119637,0.113048,0.111312,0.078448,0.069896,0.154058,74.9921,95.1348,95.5460,91.2089,45.7455,62.4866,65.1346,65.5962,59.7403,22.8677
1980-07,0.109021,0.106355,0.073584,0.064661,0.119619,0.112894,0.111474,0.078556,0.069757,0.154078,74.4143,95.0757,95.5869,91.3065,45.7283,62.3847,65.1266,65.5049,60.2003,22.9326
1980-08,0.108860,0.106559,0.073647,0.064540,0.119607,0.112736,0.111685,0.078626,0.069639,0.154103,74.3212,95.1104,95.6310,91.2612,45.5665,62.4876,65.2617,65.4248,60.2674,22.9223
1980-09,0.108692,0.106788,0.073697,0.064445,0.119585,0.112557,0.111929,0.078655,0.069519,0.154132,74.2405,95.0730,95.6070,91.1990,45.4712,62.5686,65.5135,65.4625,60.4227,22.8357
1980-10,0.108511,0.107029,0.073747,0.064315,0.119601,0.112378,0.112192,0.078665,0.069384,0.154177,74.5720,95.0421,95.6855,91.1000,45.2132,62.6918,65.6902,65.6434,60.4079,22.6117
1980-11,0.108329,0.107274,0.073796,0.064175,0.119633,0.112183,0.112468,0.078662,0.069238,0.154242,74.4796,94.8914,95.6503,91.0503,45.2035,62.7285,65.9650,65.7902,60.5240,22.4258
1980-12,0.108150,0.107537,0.073846,0.064022,0.119681,0.111946,0.112744,0.078675,0.069087,0.154313,74.5589,94.8918,95.5713,91.1839,45.1127,62.7026,66.0917,66.0029,60.8788,22.4002
1981-01,0.107977,0.107787,0.073916,0.063902,0.119668,0.111733,0.113046,0.078665,0.068965,0.154343,74.6955,94.8401,95.5018,91.2501,45.2281,62.8052,66.2631,66.2292,61.4601,22.5287
1981-02,0.107814,0.108005,0.074023,0.063798,0.119599,0.111531,0.113296,0.078714,0.068845,0.154375,74.9019,94.9637,95.5001,91.3516,45.2977,62.8081,66.5761,66.4355,61.7499,22.8832
1981-03,0.107646,0.108176,0.074146,0.063718,0.119523,0.111376,0.113496,0.078805,0.068763,0.154350,74.8593,95.0051,95.5603,91.4326,45.3014,62.9201,66.8847,66.6936,61.8749,23.0527
1981-04,0.107482,0.108342,0.074265,0.063626,0.119486,0.111197,0.113609,0.078975,0.068654,0.154363,74.7094,95.1683,95.5612,91.6048,45.1760,62.8769,67.1701,66.8361,61.7203,23.1235
1981-05,0.107343,0.108515,0.074359,0.063526,0.119492,0.111014,0.113712,0.079133,0.068551,0.154355,73.9377,95.0701,95.4811,91.6496,44.8555,62.6197,67.0936,67.0086,61.5265,23.0960
1981-06,0.107195,0.108694,0.074444,0.063431,0.119470,0.110853,0.113811,0.079287,0.068411,0.154404,73.4367,94.9126,95.2590,91.6127,44.6507,62.2419,67.0267,67.1448,61.0649,23.0406
1981-07,0.107016,0.108799,0.074596,0.063318,0.119489,0.110672,0.113894,0.079475,0.068300,0.154443,73.1484,94.7703,95.1905,91.4916,44.3370,62.1203,66.7939,67.1610,60.6161,22.9607
1981-08,0.106793,0.108840,0.074829,0.063224,0.119489,0.110498,0.113967,0.079685,0.068217,0.154457,73.6289,94.7746,95.2148,91.3388,44.1822,62.1063,66.6868,67.2451,60.1660,22.7192
1981-09,0.106561,0.108868,0.075105,0.063123,0.119512,0.110264,0.113996,0.079955,0.068127,0.154489,73.7533,94.8597,95.2538,91.2928,44.0471,62.3471,66.8432,67.2979,60.2925,22.6201
1981-10,0.106376,0.108944,0.075425,0.063034,0.119186,0.110077,0.114088,0.080233,0.068037,0.154600,73.8095,94.8191,95.2482,91.3844,44.0068,62.2370,67.2035,67.5927,60.6024,22.5767
1981-11,0.106136,0.108979,0.075718,0.062898,0.119233,0.109828,0.114153,0.080478,0.067870,0.154707,73.7081,94.6907,95.3261,91.4868,44.1152,62.1102,67.4088,67.7467,61.0733,22.5735
1981-12,0.105927,0.108938,0.076086,0.062813,0.119212,0.109565,0.114216,0.080728,0.067724,0.154791,73.6632,94.6559,95.4005,91.4363,44.1422,61.7601,67.4750,67.7759,60.9182,22.5442
1982-01,0.105675,0.108875,0.076396,0.062728,0.119508,0.109269,0.114218,0.080969,0.067563,0.154799,73.7185,94.7324,95.5398,91.2623,44.1407,61.8453,67.5230,67.6932,60.9499,22.4657
1982-02,0.105502,0.108860,0.076701,0.062677,0.119457,0.109009,0.114227,0.081263,0.067453,0.154850,73.7131,94.9202,95.5177,91.1996,44.1156,62.1182,67.7211,67.6275,61.0659,22.5644
1982-03,0.105302,0.108888,0.076953,0.062579,0.119466,0.108778,0.114259,0.081528,0.067343,0.154903,73.5941,95.0342,95.4763,91.0723,44.1760,62.4812,67.6631,67.6821,61.4785,22.7043
1982-04,0.105107,0.108917,0.077204,0.062481,0.119483,0.108543,0.114287,0.081789,0.067230,0.154960,73.4673,95.0044,95.4496,91.1125,44.3207,62.5364,67.6203,67.6836,61.8791,22.9038
1982-05,0.104908,0.108961,0.077463,0.062382,0.119482,0.108313,0.114320,0.082051,0.067118,0.155002,72.7545,94.9319,95.4343,91.0950,44.4216,62.3983,67.7298,67.9363,62.0338,22.9857
1982-06,0.104706,0.109004,0.077722,0.062284,0.119477,0.108084,0.114356,0.082315,0.067008,0.155043,72.3649,94.7757,95.4274,91.1006,44.2712,62.2216,67.9810,68.1413,62.4160,23.0662
1982-07,0.104477,0.109048,0.077976,0.062195,0.119479,0.107845,0.114400,0.082578,0.066909,0.155092,72.2267,94.6678,95.3399,90.9281,43.9615,62.3189,68.2980,68.3333,62.0684,23.0360
1982-08,0.104231,0.109092,0.078221,0.062112,0.119494,0.107597,0.114450,0.082836,0.066817,0.155149,72.7387,94.5326,95.2011,91.0094,43.8171,62.5442,68.3926,68.3612,61.9707,23.0920
1982-09,0.103983,0.109152,0.078465,0.062035,0.119507,0.107335,0.114504,0.083087,0.066730,0.155201,73.1594,94.3863,95.1635,91.1842,43.6868,62.6158,68.5010,68.4070,61.7449,22.8811
1982-10,0.103753,0.109223,0.078711,0.061956,0.119508,0.107073,0.114558,0.083335,0.066641,0.155241,73.2790,94.3307,95.0969,91.3525,43.7561,62.5359,68.4595,68.3921,61.9398,22.8331
1982-11,0.103653,0.109307,0.078978,0.061871,0.119548,0.106818,0.114530,0.083569,0.066520,0.155206,73.2925,94.3457,95.1641,91.3433,43.5678,62.5726,68.6885,68.4661,61.8155,22.6777
1982-12,0.103556,0.109378,0.079233,0.061789,0.119589,0.106573,0.114502,0.083801,0.066402,0.155176,73.2364,94.4056,95.1587,91.2212,43.5500,62.5648,68.8491,68.6836,61.4694,22.7512
1983-01,0.103460,0.109453,0.079482,0.061710,0.119622,0.106334,0.114480,0.084030,0.066288,0.155141,73.0186,94.4186,95.1362,91.1698,43.4844,62.3960,68.9069,68.8960,61.0222,22.7535
1983-02,0.103222,0.109526,0.079711,0.061640,0.119611,0.106087,0.114545,0.084269,0.066210,0.155178,72.6588,94.4528,95.1517,91.1756,43.4216,62.2165,68.7445,68.9209,60.9185,22.6502
1983-03,0.102991,0.109602,0.079946,0.061573,0.119592,0.105835,0.114611,0.084509,0.066133,0.155207,72.2630,94.4037,95.2263,91.2586,43.3657,62.1070,68.7301,68.7308,61.0456,22.4842
1983-04,0.102760,0.109679,0.080180,0.061506,0.119577,0.105581,0.114675,0.084748,0.066056,0.155238,71.8196,94.3554,95.2830,91.2999,43.2437,61.8376,68.9379,68.4442,61.3413,22.3146
1983-05,0.102549,0.109753,0.080410,0.061437,0.119565,0.105325,0.114732,0.084984,0.065977,0.155268,72.5172,94.3220,95.3272,91.2170,43.1275,62.0790,69.2384,68.4261,62.0845,22.2960
1983-06,0.102327,0.109835,0.080638,0.061366,0.119565,0.105066,0.114788,0.085214,0.065895,0.155305,73.0985,94.2724,95.3430,91.2396,43.0462,62.2391,69.2818,68.5507,62.4393,22.3552
1983-07,0.102081,0.109911,0.080863,0.061304,0.119574,0.104800,0.114848,0.085446,0.065823,0.155350,73.8453,94.2109,95.3480,91.3188,42.9742,63.0436,69.3365,68.8894,62.8993,22.4168
1983-08,0.101811,0.109994,0.081091,0.061250,0.119581,0.104526,0.114915,0.085678,0.065760,0.155392,73.4520,94.1281,95.3876,91.3659,42.9835,63.0694,69.4036,69.1186,62.7639,22.6449
1983-09,0.101557,0.110069,0.081310,0.061203,0.119587,0.104243,0.114980,0.085910,0.065706,0.155432,73.0872,94.0169,95.3381,91.2505,42.9659,62.9692,69.4312,69.0636,62.7654,22.6818
1983-10,0.101323,0.110156,0.081532,0.061152,0.119585,0.103960,0.115043,0.086137,0.065649,0.155462,72.8481,94.0692,95.3494,90.9229,43.0362,62.6389,69.5030,69.0230,62.5032,22.6601
1983-11,0.101087,0.110240,0.081751,0.061103,0.119591,0.103674,0.115103,0.086362,0.065591,0.155498,72.8412,94.1035,95.3301,90.8102,42.9430,62.5572,69.4056,68.9872,62.3779,22.5076
1983-12,0.100720,0.110248,0.081871,0.060978,0.119419,0.103273,0.115036,0.086470,0.065444,0.155236,72.7614,94.2178,95.3689,90.7815,42.8472,62.8037,69.4008,69.0343,62.4269,22.3762
1984-01,0.100347,0.110255,0.081992,0.060858,0.119245,0.102876,0.114973,0.086583,0.065301,0.154977,72.5827,94.1713,95.5192,90.9657,42.6299,62.8004,69.3974,69.4246,62.4018,22.4179
1984-02,0.099971,0.110260,0.082111,0.060736,0.119051,0.102479,0.114909,0.086694,0.065157,0.154698,72.6380,94.0876,95.5785,91.0313,42.2589,62.7483,69.4962,69.6868,62.5690,22.4145
1984-03,0.099697,0.110352,0.082338,0.060693,0.119026,0.102203,0.114983,0.086925,0.065107,0.154712,72.9485,94.0806,95.6609,90.9675,41.9707,62.7298,69.6781,70.0864,62.8302,22.5588
1984-04,0.099423,0.110442,0.082563,0.060648,0.118997,0.101924,0.115051,0.087153,0.065055,0.154719,73.2055,94.1283,95.6614,90.8523,41.7217,62.9646,69.8549,70.3691,63.1697,22.5375
1984-05,0.099141,0.110521,0.082779,0.060597,0.118961,0.101634,0.115108,0.087370,0.064995,0.154716,73.6870,94.2359,95.6228,91.0186,41.7745,63.2899,70.0151,70.4960,63.1415,22.4346
1984-06,0.098880,0.110604,0.082998,0.060553,0.118944,0.101354,0.115173,0.087595,0.064942,0.154734,73.6915,94.4414,95.5248,91.2032,41.8500,63.5980,70.2825,70.5391,63.0261,22.2936
1984-07,0.098604,0.110671,0.083208,0.060510,0.118928,0.101068,0.115228,0.087811,0.064891,0.154748,73.3409,94.6058,95.2487,91.5832,41.9395,63.4814,70.3735,70.3560,63.0321,22.1613
1984-08,0.098335,0.110743,0.083422,0.060476,0.118933,0.100792,0.115289,0.088029,0.064850,0.154782,72.9684,94.6530,95.1118,91.4233,42.0514,63.3738,70.1950,70.3763,63.0208,22.1842
1984-09,0.098068,0.110822,0.083636,0.060441,0.118929,0.100509,0.115339,0.088235,0.064807,0.154801,72.9262,94.6566,95.0382,91.2498,41.9062,63.2337,70.0077,70.4596,63.0885,22.1839
1984-10,0.097823,0.110917,0.083857,0.060408,0.118935,0.100239,0.115398,0.088445,0.064768,0.154831,73.3748,94.4673,95.0948,91.1532,41.7328,63.5009,69.7645,70.6088,63.1710,22.2449
1984-11,0.097638,0.111003,0.084074,0.060383,0.118947,0.099989,0.115461,0.088663,0.064736,0.154874,73.4313,94.4310,95.0958,91.2847,41.4697,63.7093,69.9732,70.8651,63.2133,22.2620
1984-12,0.097192,0.110874,0.084222,0.060503,0.119312,0.099820,0.115563,0.088864,0.064770,0.154788,73.4921,94.3847,95.1537,91.3697,41.3099,63.8425,70.2110,71.1402,63.5681,22.2204
1985-01,0.096775,0.110669,0.084392,0.060621,0.119670,0.099664,0.115673,0.089054,0.064776,0.154718,73.2016,94.5569,95.0718,91.2529,41.2465,64.0623,70.5444,71.1731,64.0041,22.1875
1985-02,0.096292,0.110524,0.084513,0.060732,0.120000,0.099454,0.115789,0.089254,0.064787,0.154592,73.0153,94.6004,95.0567,91.1397,41.3075,64.2616,70.8005,71.2495,64.6725,22.2582
1985-03,0.096051,0.110607,0.084660,0.060733,0.119921,0.099189,0.115825,0.089472,0.064715,0.154586,73.0195,94.7012,95.0206,91.1179,41.3665,64.2681,70.8149,71.2507,65.0043,22.3288
1985-04,0.095778,0.110767,0.084763,0.060695,0.119886,0.098848,0.115965,0.089656,0.064643,0.154580,73.4251,94.7078,95.0997,90.9278,41.2613,64.0350,70.6260,71.4061,64.8805,22.3368
1985-05,0.095555,0.110909,0.084875,0.060673,0.119853,0.098536,0.116143,0.089799,0.064604,0.154571,73.4177,94.7245,95.0974,90.8495,41.2125,63.3617,70.5141,71.6712,64.5944,22.1192
1985-06,0.095321,0.111041,0.085024,0.060617,0.119892,0.098225,0.116407,0.089876,0.064603,0.154557,73.2919,94.6533,95.0399,90.8278,41.0780,63.3471,70.5462,71.7691,64.0850,21.9988
1985-07,0.095041,0.111134,0.085227,0.060558,0.119954,0.097985,0.116564,0.089987,0.064649,0.154518,72.8649,94.6256,94.9987,90.9768,41.1831,63.1038,70.6558,71.8724,64.0760,21.9096
1985-08,0.094692,0.111178,0.085518,0.060477,0.120052,0.097800,0.116621,0.090132,0.064645,0.154533,72.8304,94.7670,94.9434,91.0558,41.1477,63.6823,71.1578,71.7171,64.1288,21.8458
1985-09,0.094341,0.111277,0.085749,0.060406,0.120120,0.097593,0.116578,0.090359,0.064613,0.154550,72.9226,94.7750,94.9906,91.0557,41.2184,63.9183,71.2725,71.9553,64.1805,21.8400
1985-10,0.094074,0.111280,0.086016,0.060415,0.120101,0.097367,0.116500,0.090635,0.064570,0.154568,73.0516,94.7528,95.0107,91.0594,41.0830,64.4166,71.4569,72.4437,64.1843,21.7764
1985-11,0.093862,0.111315,0.086203,0.060462,0.120027,0.097118,0.116400,0.090939,0.064589,0.154506,73.1400,94.6233,94.9809,91.0151,40.7959,64.4661,71.2030,72.7040,64.3056,21.8212
1985-12,0.093692,0.111778,0.086314,0.060533,0.119840,0.096828,0.116483,0.091085,0.064673,0.154125,72.8673,94.6040,94.9235,91.0996,40.8051,64.0608,70.9947,72.7378,65.1624,21.8247
1986-01,0.093479,0.112270,0.086438,0.060559,0.119676,0.096602,0.116527,0.091200,0.064732,0.153747,73.0742,94.6174,94.8098,91.0868,40.6897,64.0579,70.9807,72.4304,65.5805,21.8736
1986-02,0.093274,0.112798,0.086546,0.060543,0.119576,0.096351,0.116663,0.091290,0.064733,0.153456,73.2408,94.6528,94.7497,91.0046,40.7458,64.2427,70.9571,72.4239,65.8697,21.9175
1986-03,0.093110,0.112807,0.086739,0.060508,0.119571,0.096143,0.116663,0.091501,0.064663,0.153486,73.4927,94.5863,94.6166,90.8713,40.5359,64.8044,71.2856,72.5061,65.5566,21.9166
1986-04,0.093007,0.112825,0.086875,0.060484,0.119553,0.095860,0.116797,0.091651,0.064588,0.153516,73.3185,94.5019,94.5396,90.8894,40.5655,64.8304,71.4740,72.6466,65.4187,21.9954
1986-05,0.092884,0.112898,0.086980,0.060546,0.119456,0.095533,0.116995,0.091763,0.064569,0.153490,73.1773,94.4898,94.5837,90.9875,40.5516,64.7313,71.6494,72.8605,65.6091,22.2387
1986-06,0.092693,0.112978,0.087173,0.060548,0.119442,0.095241,0.117208,0.091856,0.064614,0.153420,73.1699,94.5197,94.6514,91.0543,40.4690,64.4276,71.7313,73.0548,65.8606,22.5096
1986-07,0.092422,0.113130,0.087369,0.060530,0.119474,0.095022,0.117347,0.091985,0.064733,0.153306,73.1116,94.5815,94.8140,90.9422,40.3259,64.3894,71.8322,73.3649,66.1348,22.6511
1986-08,0.092149,0.113155,0.087682,0.060443,0.119588,0.094887,0.117402,0.092139,0.064815,0.153257,73.1854,94.5572,94.8477,90.9222,40.2186,64.4132,72.0011,73.6526,66.2372,22.4203
1986-09,0.091926,0.113124,0.087935,0.060469,0.119579,0.094785,0.117311,0.092344,0.064886,0.153200,73.1353,94.4367,94.8689,90.8371,40.2097,64.6501,72.2196,73.8322,66.3128,22.1288
1986-10,0.091707,0.113096,0.088171,0.060557,0.119503,0.094675,0.117158,0.092574,0.064885,0.153206,73.1872,94.5413,94.8276,90.8423,40.3180,64.6612,72.3535,73.7912,66.4702,21.9251
1986-11,0.091469,0.113064,0.088408,0.060678,0.119408,0.094490,0.117041,0.092811,0.064857,0.153223,72.9972,94.6141,94.8054,90.8202,40.4574,64.6073,72.1334,73.6845,66.4701,21.7448
1986-12,0.091200,0.113136,0.088609,0.060747,0.119392,0.094223,0.117144,0.092986,0.064790,0.153222,72.9422,94.8143,95.0121,90.8475,40.5133,64.5411,71.7779,73.6092,66.2773,21.7172
1987-01,0.090967,0.113199,0.088810,0.060774,0.119423,0.093927,0.117325,0.093136,0.064774,0.153179,73.1071,94.7111,95.0674,90.8795,40.3993,64.6363,71.7429,73.8355,66.2530,21.6179
1987-02,0.090796,0.113275,0.088952,0.060783,0.119433,0.093681,0.117442,0.093281,0.064805,0.153072,72.9530,94.5917,95.0430,90.9627,40.3516,64.7899,71.9662,74.1414,66.3140,21.6619
1987-03,0.090655,0.113299,0.089109,0.060830,0.119383,0.093482,0.117375,0.093519,0.064892,0.152968,72.7965,94.5013,94.6951,91.0318,40.3103,64.8384,72.3809,74.4421,66.5800,21.6089
1987-04,0.090494,0.113323,0.089272,0.060861,0.119344,0.093308,0.117251,0.093765,0.064965,0.152868,72.5451,94.6091,94.4229,91.1039,40.5105,64.9960,72.4502,74.6272,66.8725,21.6693
1987-05,0.090339,0.113318,0.089452,0.060912,0.119285,0.093150,0.117180,0.093955,0.065024,0.152775,72.2598,94.7005,94.2916,90.9569,40.4803,64.5931,72.4448,74.5551,67.0196,21.8499
1987-06,0.090197,0.113277,0.089650,0.060941,0.119261,0.092950,0.117195,0.094105,0.065079,0.152700,72.0362,94.7626,94.3450,90.8206,40.4859,64.4720,72.5307,74.5555,67.1938,22.0581
1987-07,0.090032,0.113265,0.089811,0.060992,0.119252,0.092810,0.117216,0.094205,0.065145,0.152663,72.2714,94.6644,94.4899,90.6284,40.2944,64.4008,72.7029,74.4490,67.1891,22.2043
1987-08,0.089864,0.113217,0.089975,0.061131,0.119224,0.092634,0.117185,0.094374,0.065266,0.152640,72.3991,94.5160,94.6015,90.5676,40.2248,64.5816,72.7854,74.5822,67.2833,22.1685
1987-09,0.089612,0.113183,0.090179,0.061258,0.119235,0.092497,0.117117,0.094508,0.065396,0.152636,72.4910,94.4653,94.6001,90.5405,40.3119,64.7391,72.6715,74.6683,67.4112,22.1833
1987-10,0.089392,0.113097,0.090375,0.061421,0.119207,0.092203,0.117092,0.094703,0.065535,0.152612,72.0211,94.4033,94.5191,90.5633,40.5068,64.7554,72.6082,74.8269,67.5510,22.1544
1987-11,0.089142,0.113025,0.090599,0.061534,0.119218,0.091915,0.117092,0.094862,0.065626,0.152623,72.0645,94.4875,94.3996,90.6079,40.6259,65.0896,72.5784,74.7962,67.8600,22.2216
1987-12,0.088875,0.112970,0.090756,0.061694,0.119192,0.091600,0.117144,0.094945,0.065718,0.152583,72.2402,94.4535,94.2414,90.7547,40.4622,65.2562,72.5186,74.7691,68.0113,22.2286
1988-01,0.088619,0.112949,0.090883,0.061870,0.119138,0.091353,0.117128,0.095028,0.065845,0.152495,72.2303,94.4565,94.1520,91.0184,40.3007,65.4042,72.5109,74.6400,68.2209,22.2678
1988-02,0.088428,0.112948,0.090941,0.062040,0.119083,0.091171,0.117095,0.095072,0.066065,0.152323,72.1168,94.3630,94.1246,91.1957,40.0716,65.0915,72.5884,74.8286,68.1409,22.2289
1988-03,0.088249,0.112958,0.091061,0.062209,0.119012,0.091003,0.116934,0.095298,0.066302,0.152182,71.9971,94.3264,94.3216,91.3330,40.0147,64.7425,72.6950,74.9114,68.1618,22.2653
1988-04,0.088089,0.112919,0.091244,0.062360,0.118956,0.090842,0.116838,0.095472,0.066534,0.152044,72.0332,94.2337,94.4921,91.2999,39.9139,63.9016,72.8075,74.8368,68.2046,22.1252
1988-05,0.087911,0.112887,0.091430,0.062528,0.118860,0.090610,0.116780,0.095625,0.066668,0.151968,72.3765,94.1213,94.5790,91.1986,39.9021,64.0214,72.8785,74.6754,68.2037,22.0725
1988-06,0.087739,0.112905,0.091557,0.062663,0.118813,0.090362,0.116848,0.095655,0.066771,0.151933,72.6121,94.1128,94.5732,90.9871,39.8932,64.1596,72.7883,74.6487,68.5425,21.9161
1988-07,0.087489,0.112971,0.091685,0.062791,0.118781,0.090079,0.116898,0.095766,0.066857,0.151923,73.1743,94.1773,94.7372,90.7679,39.9347,64.7263,72.7077,74.9267,68.8348,21.9789
1988-08,0.087146,0.113046,0.091854,0.062876,0.118805,0.089807,0.116859,0.095989,0.066976,0.151896,73.1424,94.3074,94.7890,90.6045,39.9333,64.8069,72.5186,75.1402,69.4112,22.1639
1988-09,0.086897,0.112948,0.092074,0.062980,0.118805,0.089550,0.116789,0.096224,0.067098,0.151856,72.9579,94.3966,94.7616,90.3486,39.8858,64.7386,72.5782,75.4439,69.6324,22.4238
1988-10,0.086718,0.112812,0.092267,0.063094,0.118799,0.089340,0.116696,0.096421,0.067179,0.151861,72.4897,94.4220,94.5939,90.3836,39.7294,64.5832,72.6100,75.9886,69.8847,22.8269
1988-11,0.086586,0.112653,0.092465,0.063207,0.118790,0.089167,0.116601,0.096579,0.067238,0.151882,72.2795,94.4141,94.5553,90.4525,39.6776,64.6203,72.8929,76.0925,69.9684,22.9730
1988-12,0.086457,0.112770,0.092884,0.063418,0.118974,0.089091,0.116751,0.096927,0.067454,0.152059,72.3942,94.3209,94.5367,90.9124,39.7393,64.6702,73.2424,76.3199,70.1909,23.1375
1989-01,0.086265,0.112969,0.093395,0.063529,0.119154,0.089030,0.116894,0.097261,0.067766,0.152127,72.5749,94.2640,94.5165,90.9760,39.8568,64.4430,73.3594,76.1452,70.2814,22.9779
1989-02,0.086147,0.113192,0.093744,0.063733,0.119293,0.088925,0.117058,0.097635,0.068142,0.152131,72.8585,94.3180,94.5183,91.0662,39.9152,64.0912,73.2432,76.2317,70.4893,22.9813
1989-03,0.085990,0.113264,0.093801,0.063798,0.119275,0.088658,0.116975,0.097903,0.068310,0.152025,72.9872,94.3499,94.5005,90.9598,39.8909,64.0330,73.0212,76.0259,70.7160,22.8971
1989-04,0.085814,0.113312,0.093776,0.064024,0.119223,0.088412,0.116909,0.098126,0.068351,0.152055,72.8596,94.3077,94.4828,90.9665,39.7335,64.3029,72.9274,75.9661,70.6648,23.0417
1989-05,0.085658,0.113374,0.093789,0.064127,0.119235,0.088212,0.116789,0.098340,0.068355,0.152121,73.3532,94.3226,94.5217,91.0080,39.7244,64.8224,73.0121,75.9418,70.4536,23.0393
1989-06,0.085407,0.113444,0.093895,0.064255,0.119227,0.088036,0.116755,0.098430,0.068346,0.152206,73.4233,94.3613,94.5091,91.0015,39.7433,65.2682,73.2836,75.9856,69.9794,23.0435
1989-07,0.085146,0.113362,0.094171,0.064322,0.119246,0.087767,0.116695,0.098730,0.068400,0.152161,74.0613,94.4958,94.4506,91.1888,39.6700,65.6276,73.4465,75.9548,69.9116,22.8961
1989-08,0.084839,0.113212,0.094528,0.064424,0.119243,0.087452,0.116663,0.098997,0.068494,0.152146,73.2375,94.5417,94.3534,91.1300,39.4752,65.2813,73.9013,75.8345,70.2144,22.8771
1989-09,0.084607,0.112908,0.094966,0.064522,0.119245,0.087106,0.116596,0.099329,0.068636,0.152084,73.1729,94.5021,94.3762,91.3222,39.2709,64.5682,73.9992,75.8632,70.4380,22.9097
1989-10,0.084453,0.112686,0.095256,0.064636,0.119240,0.086780,0.116566,0.099514,0.068764,0.152105,72.6444,94.4987,94.4377,91.3214,39.2969,64.3888,74.2848,75.8706,70.9283,23.0587
1989-11,0.084295,0.112517,0.095510,0.064763,0.119220,0.086551,0.116524,0.099670,0.068850,0.152101,72.8573,94.4152,94.6474,91.4827,39.3963,63.9209,74.0831,76.1607,70.8944,23.2137
1989-12,0.085831,0.112369,0.095926,0.064675,0.117947,0.087484,0.116485,0.099812,0.068430,0.151042,72.4934,94.3955,94.6687,91.2055,39.5236,63.7352,74.1333,76.2858,71.0530,23.1602
1990-01,0.087357,0.112281,0.096344,0.064527,0.116676,0.088405,0.116400,0.100041,0.068051,0.149919,72.1549,94.3302,94.7409,90.8971,39.5772,63.2035,73.9662,76.4606,70.7245,23.0713
1990-02,0.088883,0.112137,0.096831,0.064410,0.115361,0.089323,0.116286,0.100327,0.067641,0.148802,72.1243,94.2938,94.6152,90.5309,39.5794,63.4795,73.8723,76.4318,70.6665,22.9289
1990-03,0.088739,0.112069,0.097100,0.064421,0.115329,0.089183,0.116087,0.100625,0.067694,0.148753,72.5023,94.2466,94.5981,90.3068,39.3966,63.5550,73.6766,76.4381,70.7230,22.9626
1990-04,0.088613,0.111904,0.097405,0.064526,0.115257,0.089030,0.115956,0.100842,0.067708,0.148759,72.6286,94.2246,94.4964,90.2914,39.2852,63.4863,73.6702,76.4611,70.9540,22.9745
1990-05,0.088504,0.111783,0.097625,0.064522,0.115322,0.088874,0.115831,0.101037,0.067717,0.148784,72.3536,94.1140,94.3541,90.5227,39.1652,63.0046,73.6736,76.5215,71.2505,22.8909
1990-06,0.088380,0.111692,0.097751,0.064613,0.115350,0.088674,0.115723,0.101250,0.067770,0.148798,71.7241,94.0611,94.2083,90.7782,39.2504,62.7019,73.5827,76.6392,71.3944,22.8136
1990-07,0.088175,0.111729,0.097799,0.064649,0.115447,0.088530,0.115549,0.101472,0.067880,0.148770,71.2827,94.0360,94.1040,90.9198,39.4330,62.5745,73.4155,76.5849,71.3777,22.8032
1990-08,0.087914,0.111588,0.098100,0.064734,0.115479,0.088341,0.115293,0.101814,0.068022,0.148715,71.0206,94.0134,94.1325,90.9183,39.6860,62.8408,73.2315,76.4436,71.4160,22.8834
1990-09,0.087574,0.111440,0.098503,0.064850,0.115473,0.088166,0.115020,0.102160,0.068119,0.148694,71.0835,93.9416,94.2240,90.9528,39.6871,62.9719,73.1389,76.1785,71.4136,22.8865
1990-10,0.087361,0.111191,0.098906,0.064997,0.115419,0.087974,0.114834,0.102447,0.068194,0.148678,71.2482,93.8600,94.3837,90.9506,39.5397,62.7976,73.0662,75.9772,71.5449,22.7573
1990-11,0.087160,0.111079,0.099164,0.065153,0.115340,0.087798,0.114734,0.102655,0.068165,0.148753,71.5807,93.8680,94.4649,90.8479,39.3847,62.3351,73.1539,75.8686,71.5350,22.6886
1990-12,0.087190,0.110869,0.099312,0.065279,0.115272,0.087537,0.114720,0.102876,0.068177,0.148769,71.5710,93.7684,94.5036,90.6186,39.0869,62.3114,73.0744,75.9185,71.4647,22.5869
1991-01,0.087129,0.110736,0.099482,0.065314,0.115277,0.087369,0.114571,0.103161,0.068207,0.148754,71.4320,93.7697,94.4964,90.5418,38.8373,62.3611,73.2148,76.0601,71.3898,22.6222
1991-02,0.087062,0.110532,0.099741,0.065307,0.115311,0.087214,0.114366,0.103505,0.068262,0.148700,71.2487,93.6775,94.4705,90.6792,38.5911,62.4114,73.2253,76.2442,71.3864,22.6339
1991-03,0.086989,0.110273,0.100062,0.065291,0.115348,0.087134,0.114122,0.103824,0.068370,0.148587,70.9821,93.7787,94.5389,90.9469,38.7529,62.3331,73.6200,76.4630,71.5515,22.7105
1991-04,0.086851,0.110101,0.100361,0.065294,0.115377,0.086970,0.113971,0.104114,0.068413,0.148547,70.7398,93.6868,94.3277,90.8758,38.7480,62.1403,73.6240,76.5104,71.7715,22.5659
1991-05,0.086778,0.110022,0.100492,0.065346,0.115379,0.086763,0.114009,0.104233,0.068520,0.148458,70.3622,93.6557,94.1499,90.6831,38.7841,61.8854,73.5327,76.8716,71.9906,22.5943
1991-06,0.086465,0.110053,0.100712,0.065363,0.115452,0.086545,0.114056,0.104321,0.068572,0.148460,70.2857,93.4937,93.8749,90.5199,38.6592,61.2532,73.1492,76.7419,72.3181,22.6494
1991-07,0.086305,0.109909,0.100900,0.065484,0.115475,0.086435,0.114009,0.104346,0.068668,0.148470,70.1659,93.4439,93.8341,90.4248,38.5434,60.7593,72.9686,76.8361,72.4899,22.7465
1991-08,0.086106,0.109731,0.101097,0.065687,0.115483,0.086401,0.113780,0.104406,0.068871,0.148437,70.3531,93.5009,93.8609,90.4916,38.4492,60.7281,72.7015,76.7143,72.4268,22.8449
1991-09,0.086042,0.109537,0.101135,0.065988,0.115457,0.086425,0.113354,0.104522,0.069160,0.148380,70.3390,93.6053,93.8049,90.2512,38.3053,61.2342,72.7495,76.6204,72.2258,22.7345
1991-10,0.085928,0.109386,0.101137,0.066332,0.115433,0.086314,0.112967,0.104681,0.069595,0.148227,70.4609,93.6450,93.9167,90.1388,38.3369,61.9187,72.8075,76.5638,71.9340,22.6513
1991-11,0.085766,0.109237,0.101155,0.066679,0.115431,0.086073,0.112709,0.104815,0.069952,0.148183,70.2473,93.6203,93.8007,90.0624,38.1491,62.2517,73.0792,76.4250,71.7980,22.4693
1991-12,0.085588,0.109081,0.101188,0.066968,0.115488,0.085758,0.112564,0.104909,0.070331,0.148126,70.2291,93.6558,93.8463,90.3831,38.2373,62.0435,73.4719,76.5915,71.7007,22.5377
1992-01,0.085323,0.108998,0.101231,0.067239,0.115561,0.085346,0.112549,0.104976,0.070640,0.148139,70.1623,93.6807,93.6603,90.7155,38.4215,61.9850,73.7081,76.6841,71.8794,22.6223
1992-02,0.085163,0.108858,0.101252,0.067479,0.115638,0.085060,0.112407,0.105073,0.070962,0.148108,69.9786,93.6955,93.6360,90.9736,38.7697,61.8555,73.9260,76.8270,72.0798,22.7086
1992-03,0.084997,0.108766,0.101237,0.067819,0.115606,0.084933,0.112226,0.105067,0.071322,0.148027,69.8762,93.6702,93.5580,91.1018,38.9880,61.7815,73.9600,76.9116,72.3631,22.7217
1992-04,0.084943,0.108522,0.101300,0.068151,0.115548,0.084960,0.111994,0.104991,0.071598,0.147992,69.9340,93.7867,93.6299,91.1190,39.0825,61.6318,74.1081,76.8844,72.5675,22.6418
1992-05,0.084837,0.108295,0.101400,0.068481,0.115489,0.084940,0.111830,0.104901,0.071892,0.147936,70.4440,93.8967,93.7664,91.0652,38.9903,61.6517,74.2710,77.0356,72.8835,22.6571
1992-06,0.084732,0.107948,0.101624,0.068764,0.115463,0.084837,0.111729,0.104850,0.072132,0.147922,70.6730,93.9882,93.8868,90.8513,38.7869,62.0358,74.1012,77.0815,73.1408,22.8609
1992-07,0.084706,0.107673,0.101685,0.069028,0.115469,0.084741,0.111518,0.104895,0.072399,0.147887,70.9290,93.9145,93.9081,90.7598,38.4900,62.2307,73.9215,77.0826,73.2299,23.0800
1992-08,0.084634,0.107484,0.101715,0.069284,0.115484,0.084670,0.111237,0.104976,0.072704,0.147813,71.2056,93.8735,93.8064,90.6884,38.2510,62.2863,73.7068,76.7922,73.0072,23.1026
1992-09,0.084631,0.107275,0.101717,0.069501,0.115534,0.084573,0.110918,0.105114,0.072956,0.147781,71.1908,93.8237,93.6565,90.6989,37.9449,61.7550,73.5381,76.6338,72.5605,22.8698
1992-10,0.084621,0.106980,0.101825,0.069757,0.115534,0.084469,0.110624,0.105239,0.073260,0.147690,71.3057,93.6630,93.4918,90.5152,37.8718,61.5981,73.5927,76.6270,72.3297,22.7593
1992-11,0.084550,0.106711,0.101974,0.070005,0.115525,0.084245,0.110427,0.105412,0.073551,0.147599,71.0404,93.4555,93.4679,90.3196,37.7994,61.7447,73.7235,76.5966,72.4056,22.6686
1992-12,0.084426,0.106595,0.102040,0.070222,0.115523,0.084011,0.110299,0.105554,0.073775,0.147556,71.0296,93.3123,93.4683,90.1402,37.9151,62.1662,73.9078,76.5777,72.5750,22.6187
1993-01,0.084139,0.106595,0.102167,0.070397,0.115547,0.083761,0.110160,0.105738,0.073941,0.147554,70.8299,93.3047,93.4660,90.1202,38.0389,62.2510,73.6754,76.4863,72.7512,22.6607
1993-02,0.083872,0.106594,0.102278,0.070537,0.115606,0.083677,0.109863,0.105917,0.074070,0.147586,70.7799,93.4118,93.4536,89.9378,38.0554,61.7347,73.5093,76.4028,72.9903,22.6040
1993-03,0.083617,0.106528,0.102440,0.070732,0.115605,0.083700,0.109528,0.106035,0.074303,0.147510,70.6218,93.4804,93.5028,89.7746,37.9528,61.5464,73.2045,76.3023,73.0984,22.6452
1993-04,0.083517,0.106373,0.102549,0.070968,0.115550,0.083856,0.109177,0.106049,0.074552,0.147409,70.4854,93.4747,93.6597,89.7351,37.8495,61.9157,73.2628,76.2918,73.2514,22.6491
1993-05,0.083547,0.106141,0.102625,0.071219,0.115457,0.083941,0.108988,0.105995,0.074757,0.147330,70.2030,93.5146,93.7465,89.8002,37.8773,62.2605,73.2793,76.5393,73.1056,22.8536
1993-06,0.083522,0.105929,0.102732,0.071505,0.115322,0.083852,0.108887,0.106040,0.074856,0.147353,70.2522,93.5247,93.7769,89.9404,37.8818,62.5045,73.5820,76.6865,73.1271,22.8915
1993-07,0.083568,0.105625,0.102829,0.071680,0.115324,0.083679,0.108765,0.106177,0.074912,0.147441,70.4018,93.4789,93.7069,90.0316,37.8169,61.9503,73.6349,76.8759,73.1614,22.9530
1993-08,0.083537,0.105276,0.103015,0.071911,0.115308,0.083483,0.108588,0.106350,0.075061,0.147471,70.3682,93.2647,93.4972,90.1953,37.6665,61.8461,73.6446,76.6402,73.4525,22.8229
1993-09,0.083600,0.104823,0.103193,0.072096,0.115368,0.083389,0.108296,0.106496,0.075354,0.147384,70.2135,93.1341,93.2891,90.4025,37.6349,61.7109,73.5820,76.5482,73.8115,22.9062
1993-10,0.083589,0.104476,0.103350,0.072375,0.115334,0.083294,0.108050,0.106588,0.075716,0.147227,69.8706,93.1809,93.0982,90.5273,37.3747,61.9843,73.4401,76.5031,74.2664,23.0653
1993-11,0.083468,0.104314,0.103443,0.072647,0.115293,0.083225,0.107838,0.106635,0.076006,0.147131,69.6839,93.3981,92.9927,90.5101,37.3463,62.1759,73.4563,76.7099,74.5487,23.2389
1993-12,0.083273,0.104354,0.103422,0.072875,0.115281,0.083150,0.107644,0.106684,0.076169,0.147148,69.8430,93.3025,92.8458,90.2945,37.6268,62.2982,73.4378,76.9022,74.6741,23.6416
1994-01,0.082979,0.104495,0.103408,0.073073,0.115288,0.083045,0.107463,0.106761,0.076343,0.147145,69.9613,93.2573,92.7534,89.9369,37.8558,62.3776,73.7157,77.0647,74.6951,23.8452
1994-02,0.082780,0.104606,0.103332,0.073207,0.115344,0.082939,0.107313,0.106830,0.076523,0.147124,70.0363,92.9105,92.8149,89.5398,37.8188,62.4080,73.8376,77.1732,74.5699,24.0422
1994-03,0.082668,0.104478,0.103413,0.073354,0.115380,0.082852,0.107148,0.106906,0.076813,0.146988,69.9273,92.7635,92.9391,89.1706,37.4762,62.6326,73.9557,77.1558,74.3675,23.9623
1994-04,0.082682,0.104204,0.103529,0.073468,0.115431,0.082833,0.106975,0.106940,0.077069,0.146869,69.8945,92.4815,93.0057,88.9283,37.3841,62.6946,73.8566,77.0873,74.2297,24.1024
1994-05,0.082758,0.103870,0.103660,0.073553,0.115509,0.082861,0.106724,0.106996,0.077263,0.146806,69.8861,92.2214,92.9354,88.8025,37.4675,63.1769,73.8607,76.8828,73.8639,24.1887
1994-06,0.082808,0.103575,0.103777,0.073657,0.115568,0.082849,0.106485,0.107083,0.077360,0.146839,69.8544,92.1124,92.8805,88.8385,37.5879,63.1674,73.8885,76.9214,74.0625,24.1340
1994-07,0.082784,0.103291,0.103919,0.073816,0.115604,0.082809,0.106201,0.107218,0.077408,0.146951,70.3107,92.1711,92.6731,88.9723,37.8182,63.2994,74.2148,76.8037,74.1853,23.9789
1994-08,0.082816,0.102901,0.104089,0.074095,0.115541,0.082654,0.105994,0.107371,0.077541,0.146998,70.5100,92.3876,92.6622,89.0338,38.0338,62.7396,74.3894,77.1693,75.0490,23.9104
1994-09,0.082739,0.102639,0.104238,0.074368,0.115493,0.082518,0.105847,0.107429,0.077738,0.146992,70.9672,92.6205,92.6391,89.1138,38.2650,62.6555,74.5031,77.2419,75.2771,24.0111
1994-10,0.082602,0.102525,0.104322,0.074598,0.115478,0.082346,0.105755,0.107464,0.077985,0.146924,70.7513,92.8898,92.6321,89.1887,38.3752,62.4450,74.4135,77.4080,75.4173,24.1133
1994-11,0.082479,0.102368,0.104450,0.074759,0.115515,0.082287,0.105590,0.107476,0.078222,0.146853,71.0250,93.1384,92.7273,89.2012,38.5247,62.6848,74.0983,77.2207,75.0260,24.0961
1994-12,0.082211,0.102316,0.104459,0.074900,0.115555,0.082199,0.105441,0.107499,0.078495,0.146926,70.8394,93.2375,92.7599,89.0606,38.5848,62.7659,74.0697,77.1892,74.7611,24.0395
1995-01,0.081966,0.102181,0.104508,0.075097,0.115547,0.082028,0.105284,0.107616,0.078811,0.146961,70.8972,93.1431,92.9637,88.9120,38.4034,62.6874,74.1980,77.1330,74.7625,23.8683
1995-02,0.081642,0.102175,0.104495,0.075315,0.115524,0.081857,0.105171,0.107691,0.079062,0.147069,70.7959,93.0672,92.7561,89.0098,38.1609,62.6332,74.5282,77.0712,74.8233,23.8027
1995-03,0.081608,0.102016,0.104486,0.075576,0.115487,0.081673,0.105025,0.107821,0.079234,0.147074,70.9291,93.1261,92.5488,89.0989,38.0221,62.5728,74.8076,77.2325,74.9868,23.8099
1995-04,0.081636,0.101811,0.104480,0.075722,0.115548,0.081615,0.104846,0.107890,0.079317,0.147134,70.7527,93.2504,92.3880,89.2073,37.7786,62.6635,74.7315,77.4602,74.6904,23.8362
1995-05,0.081787,0.101485,0.104477,0.075842,0.115636,0.081564,0.104663,0.107955,0.079458,0.147135,70.7935,93.2704,92.3780,89.0144,37.6394,62.8330,74.8132,77.5573,74.2594,23.8901
1995-06,0.081858,0.101210,0.104544,0.075922,0.115718,0.081576,0.104420,0.108006,0.079681,0.147064,70.6548,93.1788,92.2016,88.9689,37.5592,62.8227,74.9963,77.4069,74.1269,23.9925
1995-07,0.081829,0.100932,0.104687,0.076083,0.115749,0.081566,0.104200,0.108055,0.079877,0.147021,70.7723,93.0668,92.0281,88.7262,37.6213,62.8753,75.3572,76.9706,74.1881,24.1510
1995-08,0.081732,0.100745,0.104786,0.076295,0.115760,0.081435,0.104005,0.108119,0.080144,0.146979,70.5682,93.0407,91.8865,88.7892,37.9705,62.5211,75.5020,77.0204,74.4444,24.3281
1995-09,0.081559,0.100537,0.104926,0.076537,0.115799,0.081307,0.103839,0.108201,0.080319,0.146976,70.0671,92.9055,92.0290,88.6704,38.2033,62.3424,75.3843,77.1297,74.4824,24.3533
1995-10,0.081464,0.100326,0.104955,0.076714,0.115946,0.081085,0.103661,0.108277,0.080653,0.146920,69.6223,92.7099,92.0573,88.6633,38.4775,62.0885,75.4851,77.4251,74.5006,24.2334
1995-11,0.081370,0.099974,0.105132,0.076838,0.116128,0.080881,0.103505,0.108380,0.080894,0.146898,69.3974,92.6127,92.0470,88.6239,38.2904,62.0058,75.3802,77.4145,74.6049,23.8903
1995-12,0.081373,0.099562,0.105234,0.076952,0.116337,0.080681,0.103358,0.108439,0.081125,0.146939,69.2990,92.7927,92.0225,88.6231,38.0484,61.8735,75.3842,77.2860,74.6999,23.6813
1996-01,0.081236,0.099381,0.105346,0.077178,0.116326,0.080604,0.103187,0.108531,0.081253,0.146958,69.1732,93.1446,92.1112,88.6915,37.9925,61.7745,75.1171,77.1780,74.8061,23.7155
1996-02,0.080987,0.099387,0.105442,0.077416,0.116243,0.080605,0.102907,0.108711,0.081302,0.147000,69.1351,93.3247,92.2553,88.6997,38.1168,61.7583,75.0923,77.1168,74.9213,23.8910
1996-03,0.080772,0.099375,0.105621,0.077691,0.116046,0.080661,0.102587,0.108901,0.081478,0.146869,69.3153,93.2678,92.3168,89.0036,38.2096,61.8488,74.8657,77.2277,75.0825,23.8666
1996-04,0.080619,0.099182,0.105897,0.077821,0.116018,0.080583,0.102375,0.109076,0.081625,0.146803,69.7381,93.1375,92.2441,89.2316,38.3396,62.0401,74.7957,77.4209,75.3233,23.7362
1996-05,0.080590,0.098890,0.106077,0.077942,0.116069,0.080539,0.102273,0.109063,0.081895,0.146662,69.6492,93.0884,92.0935,89.5015,38.5797,62.1245,74.7112,77.6089,75.6288,23.7248
1996-06,0.080574,0.098721,0.106084,0.078017,0.116199,0.080399,0.102252,0.109037,0.082088,0.146630,69.7481,93.1552,92.0583,89.5662,38.7882,62.1742,75.0057,77.7363,75.7289,23.8974
1996-07,0.080727,0.098471,0.105973,0.078146,0.116300,0.080335,0.102180,0.108980,0.082266,0.146621,68.8424,93.2455,92.2460,89.6102,38.8465,62.1550,75.0197,77.8976,75.7247,24.0242
1996-08,0.080855,0.098355,0.105774,0.078327,0.116337,0.080242,0.102054,0.108996,0.082471,0.146588,68.6904,93.2936,92.5907,89.4877,38.6108,62.5635,75.2512,77.8864,75.5817,24.1544
1996-09,0.080949,0.098062,0.105787,0.078531,0.116358,0.080221,0.101805,0.109051,0.082690,0.146546,68.5076,93.3776,92.7894,89.3257,38.5121,62.8684,75.2579,77.9764,75.4988,24.1580
1996-10,0.080940,0.097877,0.105793,0.078746,0.116369,0.080238,0.101516,0.109105,0.083009,0.146407,68.7419,93.3487,92.8595,89.1889,38.4777,63.3348,75.5151,78.0828,75.4145,24.1720
1996-11,0.080979,0.097588,0.105860,0.078892,0.116439,0.080251,0.101181,0.109222,0.083271,0.146317,68.5897,93.3077,92.7453,89.1245,38.4478,63.1780,75.7522,78.1232,75.4961,24.2123
1996-12,0.081326,0.097378,0.105904,0.078996,0.116519,0.080229,0.100722,0.109296,0.083398,0.146232,68.3444,93.1501,92.6654,89.2856,38.5507,62.8723,75.7783,78.0697,75.6736,24.3310
1997-01,0.081534,0.097176,0.106078,0.079079,0.116624,0.080153,0.100369,0.109312,0.083440,0.146236,68.3533,92.9899,92.5260,89.5552,38.5214,62.6477,75.7496,77.8303,75.8289,24.4388
1997-02,0.081511,0.097124,0.106302,0.079195,0.116725,0.080088,0.099977,0.109323,0.083408,0.146347,68.3761,92.9113,92.4637,89.8529,38.8193,62.8197,75.6798,77.7957,75.9553,24.5142
1997-03,0.081192,0.097070,0.106446,0.079459,0.116727,0.080138,0.099715,0.109268,0.083587,0.146396,68.4101,92.9106,92.4538,89.8555,38.9725,63.0233,75.9626,77.4303,75.8884,24.4961
1997-04,0.081075,0.096864,0.106557,0.079839,0.116601,0.080106,0.099468,0.109295,0.083820,0.146374,68.7662,92.8361,92.3815,89.7095,39.2977,63.1122,76.1661,77.3100,75.9043,24.5855
1997-05,0.081166,0.096419,0.106736,0.080126,0.116537,0.080082,0.099234,0.109333,0.084098,0.146272,68.8107,92.8639,92.4249,89.6552,39.2342,62.8711,76.3571,77.2745,75.8983,24.5261
1997-06,0.081313,0.095957,0.106881,0.080229,0.116640,0.079963,0.099123,0.109365,0.084230,0.146300,68.8267,92.8816,92.5654,89.6088,38.9916,63.1513,76.2662,77.7279,76.0221,24.3730
1997-07,0.081393,0.095557,0.107001,0.080203,0.116903,0.079940,0.098876,0.109406,0.084298,0.146422,68.4514,93.1811,92.8578,89.5293,38.8356,62.9167,76.1502,78.3442,76.2070,24.3190
1997-08,0.081454,0.095307,0.106955,0.080310,0.117069,0.080002,0.098591,0.109368,0.084447,0.146496,68.2790,93.2211,93.0450,89.3379,38.7825,62.9983,76.1552,78.5527,76.3182,24.4265
1997-09,0.081480,0.095112,0.106879,0.080489,0.117181,0.080074,0.098195,0.109408,0.084608,0.146574,68.0040,93.2630,92.9616,89.2102,39.0245,62.5988,76.2091,78.4717,76.3466,24.6876
1997-10,0.081575,0.094927,0.106729,0.080704,0.117249,0.080123,0.097844,0.109433,0.084832,0.146583,68.3445,93.1557,92.8213,89.1307,39.3015,62.8206,76.2247,77.8299,76.3274,24.9192
1997-11,0.081640,0.094706,0.106661,0.080846,0.117371,0.080085,0.097584,0.109474,0.084991,0.146642,68.3529,93.1650,92.5685,89.2804,39.5768,63.0602,76.1667,77.6114,76.2408,25.0815
1997-12,0.081624,0.094436,0.106601,0.080982,0.117523,0.079967,0.097341,0.109571,0.085174,0.146781,68.6194,93.1536,92.4324,89.3380,39.4616,63.5136,76.1496,77.4272,75.9546,25.1243
1998-01,0.081526,0.094242,0.106578,0.081062,0.117705,0.079968,0.097119,0.109554,0.085304,0.146941,68.3259,93.1857,92.1901,89.4170,39.1735,63.5990,76.2154,77.5444,75.8289,25.0486
1998-02,0.081408,0.094075,0.106565,0.081090,0.117919,0.079980,0.096922,0.109518,0.085338,0.147186,68.4286,93.3018,92.1922,89.4098,38.7346,63.5304,76.3433,77.4378,75.6997,25.0109
1998-03,0.081360,0.094003,0.106549,0.081219,0.117967,0.080140,0.096679,0.109425,0.085379,0.147279,68.1992,93.3194,92.2563,89.3899,38.7075,63.1401,76.2167,77.3051,75.7892,25.0473
1998-04,0.081418,0.093752,0.106608,0.081476,0.117877,0.080212,0.096448,0.109420,0.085471,0.147317,68.1358,93.3012,92.4910,89.3065,38.8101,63.1863,76.2566,77.1003,75.7021,25.0282
1998-05,0.081572,0.093438,0.106641,0.081732,0.117792,0.080272,0.096185,0.109456,0.085561,0.147350,68.1855,93.2477,92.5175,89.1579,39.0287,63.2323,76.1716,76.9958,75.7173,24.9425
1998-06,0.081694,0.093062,0.106735,0.081801,0.117920,0.080266,0.096020,0.109441,0.085527,0.147534,68.2571,93.3116,92.6197,89.0791,39.2349,63.4448,76.2183,76.9867,75.9120,24.7356
1998-07,0.081794,0.092760,0.106733,0.081765,0.118197,0.080217,0.095823,0.109458,0.085513,0.147741,68.2703,93.2396,92.6781,89.1151,39.0829,63.5230,76.3489,76.9828,76.0792,24.7285
1998-08,0.081880,0.092580,0.106583,0.081799,0.118436,0.080212,0.095673,0.109355,0.085629,0.147852,68.3471,93.0912,92.8176,89.1486,39.2750,63.6114,76.3957,76.9812,76.4619,24.7465
1998-09,0.081908,0.092409,0.106477,0.081916,0.118606,0.080305,0.095409,0.109251,0.085914,0.147804,68.4173,92.9824,92.8710,89.1723,39.2749,63.6805,76.5309,76.9580,76.5636,24.9620
1998-10,0.081946,0.092313,0.106301,0.082108,0.118688,0.080431,0.095089,0.109181,0.086201,0.147743,68.5407,93.0770,92.9203,89.2422,39.4914,63.2969,76.3808,76.8720,76.7851,25.1767
1998-11,0.082036,0.092093,0.106225,0.082301,0.118746,0.080472,0.094880,0.109098,0.086516,0.147632,68.4699,93.1672,92.9375,89.1435,39.4792,62.9966,76.3132,76.9177,76.7808,25.3367
1998-12,0.082019,0.091625,0.106009,0.082427,0.118826,0.080641,0.094797,0.109216,0.086813,0.147626,68.3533,93.2647,93.0489,89.3170,39.3731,62.6726,76.5721,77.0039,76.8704,25.4210
1999-01,0.082100,0.091048,0.105806,0.082477,0.118979,0.080944,0.094736,0.109181,0.087056,0.147674,68.0510,93.2481,93.1373,89.2161,39.3913,62.8871,76.8217,77.0869,76.7787,25.3321
1999-02,0.082034,0.090510,0.105702,0.082541,0.119114,0.081366,0.094534,0.109182,0.087236,0.147782,67.7804,93.1651,93.0987,89.1473,39.3433,63.0217,76.7570,77.1062,76.4468,25.3783
1999-03,0.082139,0.090202,0.105710,0.082660,0.119219,0.081579,0.094237,0.109057,0.087285,0.147913,67.3190,93.1511,92.9772,88.9366,39.5031,63.2860,76.2212,77.1315,76.4518,25.4659
1999-04,0.082156,0.089929,0.105789,0.082889,0.119195,0.081697,0.093953,0.109033,0.087350,0.148008,67.4502,93.2541,92.8655,88.8683,39.4403,63.1785,75.9197,77.2953,76.4704,25.5482
1999-05,0.082111,0.089692,0.105904,0.083117,0.119167,0.081600,0.093705,0.109190,0.087409,0.148104,67.4915,93.3295,92.8923,88.7706,39.5991,62.9536,76.0243,77.3656,76.7402,25.6739
1999-06,0.082136,0.089403,0.105970,0.083387,0.119115,0.081495,0.093433,0.109374,0.087558,0.148129,68.0128,93.4182,92.8244,88.5364,39.6681,62.9738,76.2465,77.1783,76.6655,25.7246
1999-07,0.082098,0.089127,0.106032,0.083621,0.119143,0.081447,0.093196,0.109432,0.087760,0.148145,67.9985,93.3696,92.7457,88.4189,39.8252,62.9431,76.2842,77.0919,76.6846,25.8251
1999-08,0.082195,0.088762,0.106006,0.083757,0.119307,0.081534,0.092970,0.109313,0.087925,0.148231,68.1504,93.4940,92.5925,88.3662,39.8503,62.9521,76.2751,77.0539,76.7420,25.6723
1999-09,0.082178,0.088555,0.105936,0.083917,0.119461,0.081682,0.092753,0.109082,0.088162,0.148276,68.3291,93.4264,92.4271,88.5250,39.7328,62.6699,76.3002,77.3158,76.8650,25.6293
1999-10,0.082207,0.088464,0.105709,0.084072,0.119618,0.081735,0.092631,0.108860,0.088429,0.148275,68.4303,93.4690,92.4001,88.6588,39.6307,62.6633,76.4761,77.4557,76.8538,25.5769
1999-11,0.082234,0.088499,0.105371,0.084343,0.119648,0.081685,0.092534,0.108725,0.088825,0.148136,68.6734,93.1325,92.5293,88.9209,39.5418,62.6950,76.4892,77.4080,76.7885,25.7260
1999-12,0.081767,0.089248,0.104211,0.084857,0.119763,0.081109,0.092803,0.108039,0.089386,0.148817,68.6531,93.1402,92.8074,88.8857,39.7464,62.8412,76.4984,77.4290,76.8362,25.8543
2000-01,0.081399,0.089893,0.103091,0.085311,0.119913,0.080497,0.092969,0.107498,0.089833,0.149594,68.7976,93.1380,92.9874,88.8125,40.1303,62.8472,76.2294,77.4068,76.9836,25.9654
2000-02,0.080993,0.090495,0.102088,0.085723,0.120083,0.080118,0.093013,0.106864,0.090150,0.150474,68.6665,93.4642,92.9855,88.5738,40.3389,62.7751,76.2590,77.4947,77.1653,26.0471
2000-03,0.080988,0.090440,0.101989,0.085787,0.120240,0.080157,0.092754,0.106800,0.090124,0.150722,68.8454,93.5129,92.8785,88.4760,40.2510,62.8276,76.5616,77.4776,77.2488,26.0882
2000-04,0.080858,0.090365,0.102043,0.085901,0.120351,0.080197,0.092467,0.106794,0.090153,0.150870,68.7012,93.5292,92.6659,88.4654,40.0162,62.8260,76.8554,77.3707,77.2541,26.0913
2000-05,0.080713,0.090270,0.102114,0.085953,0.120540,0.080171,0.092331,0.106682,0.090238,0.150987,68.8460,93.6238,92.6149,88.5949,39.8565,63.0367,76.7330,77.3440,77.0641,26.1181
2000-06,0.080731,0.089947,0.102200,0.086153,0.120600,0.080123,0.092155,0.106689,0.090481,0.150920,68.3645,93.6004,92.5542,88.6685,39.8973,62.8336,76.3080,77.2519,76.7509,26.1264
2000-07,0.080663,0.089799,0.102176,0.086311,0.120713,0.080153,0.092078,0.106465,0.090687,0.150954,68.6748,93.5927,92.5211,88.7177,40.1183,62.7903,75.9964,77.2782,76.3004,26.1529
2000-08,0.080692,0.089561,0.102139,0.086536,0.120766,0.080133,0.091909,0.106381,0.090836,0.151047,68.3564,93.2976,92.4313,88.7838,40.2406,62.8158,75.7274,77.2246,76.1866,26.1272
2000-09,0.080737,0.089365,0.102067,0.086763,0.120814,0.080069,0.091852,0.106217,0.090984,0.151132,68.6668,93.0429,92.4603,88.6991,40.3122,63.0431,75.5280,76.9780,76.3789,26.1665
2000-10,0.081008,0.089234,0.101915,0.087020,0.120776,0.080045,0.091647,0.106009,0.091222,0.151125,68.2898,92.9618,92.5403,88.6333,40.1520,63.2415,75.5519,76.8930,76.6281,26.1814
2000-11,0.081063,0.089188,0.101670,0.087349,0.120693,0.080093,0.091516,0.105871,0.091489,0.151068,68.4656,93.1872,92.6379,88.3923,40.1489,63.3395,75.6724,76.8731,76.7660,26.2725
2000-12,0.081062,0.089135,0.101478,0.087613,0.120664,0.080235,0.091308,0.105748,0.091799,0.150957,68.5326,93.3533,92.5943,88.4060,40.3020,63.2659,75.8152,77.3571,76.6760,26.3474
2001-01,0.080990,0.088891,0.101413,0.087804,0.120719,0.080335,0.091162,0.105772,0.091953,0.150961,68.4897,93.3964,92.5402,88.2054,40.4438,63.1337,75.8890,77.5073,76.7265,26.4729
2001-02,0.081000,0.088758,0.101427,0.087884,0.120821,0.080371,0.090982,0.105700,0.092188,0.150870,68.2427,93.1676,92.5714,88.2127,40.5485,62.9999,75.9511,77.7178,76.8250,26.5497
2001-03,0.081136,0.088678,0.101318,0.087946,0.120918,0.080388,0.090870,0.105565,0.092349,0.150830,67.8424,93.0360,92.6782,88.1723,40.5892,62.7755,75.7463,77.4936,76.6959,26.6266
2001-04,0.081118,0.088711,0.101183,0.087996,0.121067,0.080400,0.090765,0.105416,0.092446,0.150899,67.2306,92.8266,92.7611,88.3752,40.6137,62.3468,75.5200,77.3558,76.6910,26.7763
2001-05,0.081159,0.088773,0.100910,0.088062,0.121231,0.080426,0.090703,0.105190,0.092470,0.151076,66.8150,92.7535,92.6600,88.5121,40.6574,61.9235,75.2317,77.0709,76.4694,26.8993
2001-06,0.081120,0.088791,0.100712,0.088149,0.121406,0.080544,0.090513,0.104981,0.092481,0.151302,66.6019,92.6084,92.5349,88.7487,40.6486,61.7422,75.1856,76.9299,76.5396,27.0604
2001-07,0.081158,0.088673,0.100563,0.088306,0.121521,0.080624,0.090304,0.104823,0.092639,0.151389,66.5223,92.4752,92.4117,88.7423,40.8057,61.3402,75.3219,76.8334,76.2758,27.1677
2001-08,0.081259,0.088564,0.100336,0.088466,0.121641,0.080697,0.090114,0.104645,0.092800,0.151478,66.8019,92.4446,92.3155,88.7651,40.9153,61.1773,75.4897,76.7663,76.2293,27.2998
2001-09,0.081307,0.088503,0.100107,0.088550,0.121844,0.080670,0.090064,0.104421,0.092888,0.151646,66.6600,92.5199,92.2867,88.7058,41.0462,61.2261,75.5736,76.7464,76.0686,27.3942
2001-10,0.081419,0.088463,0.099830,0.088618,0.122027,0.080753,0.090050,0.104089,0.092920,0.151830,66.7769,92.4927,92.3503,88.6084,41.1894,61.8304,75.4527,76.7317,76.1883,27.3836
2001-11,0.081439,0.088287,0.099818,0.088683,0.122176,0.080914,0.089890,0.103865,0.092930,0.151998,66.2513,92.5429,92.4199,88.5094,41.4373,61.8714,75.4690,76.8251,76.1721,27.3981
2001-12,0.081472,0.088103,0.099837,0.088749,0.122287,0.081080,0.089647,0.103758,0.093024,0.152043,65.8735,92.5889,92.3912,88.4084,41.5059,61.4565,75.4140,76.9308,76.1425,27.4771
2002-01,0.081583,0.087811,0.099874,0.088803,0.122420,0.081180,0.089366,0.103747,0.093113,0.152103,65.6486,92.6827,92.3172,88.6067,41.5277,61.2129,75.4035,77.0932,76.1473,27.7526
2002-02,0.081716,0.087538,0.099852,0.088824,0.122600,0.081032,0.089375,0.103683,0.093193,0.152188,65.7122,92.8342,92.2385,88.6839,41.3357,61.3325,75.2778,77.0217,76.0826,27.8971
2002-03,0.081818,0.087401,0.099719,0.088825,0.122803,0.080915,0.089407,0.103559,0.093173,0.152380,65.7055,92.8646,92.2058,88.6795,41.4894,61.4723,75.3600,76.8977,76.1831,28.0182
2002-04,0.081746,0.087457,0.099538,0.088856,0.123004,0.080772,0.089523,0.103348,0.093166,0.152590,65.8247,92.8189,92.3199,88.5099,41.7388,61.3233,75.3207,76.6777,76.1058,28.0161
2002-05,0.081587,0.087696,0.099239,0.088962,0.123151,0.080681,0.089556,0.103146,0.093106,0.152874,65.6283,92.5806,92.3251,88.3833,42.1423,61.1827,75.3273,76.3881,76.0875,28.1775
2002-06,0.081543,0.087793,0.098935,0.089093,0.123306,0.080640,0.089512,0.102940,0.093187,0.153049,65.6165,92.3429,92.1577,88.5208,42.3239,61.2467,75.2631,76.1956,75.7768,28.3259
2002-07,0.081590,0.087744,0.098685,0.089209,0.123481,0.080540,0.089457,0.102799,0.093320,0.153176,65.3850,92.3167,92.0214,88.5412,42.3123,61.3391,75.2497,76.0087,75.7524,28.5358
2002-08,0.081766,0.087489,0.098506,0.089290,0.123697,0.080565,0.089341,0.102587,0.093584,0.153176,65.4804,92.2990,92.0299,88.5869,42.4025,61.1937,75.2195,76.0830,75.7911,28.7812
2002-09,0.081876,0.087287,0.098340,0.089306,0.123984,0.080535,0.089256,0.102388,0.093783,0.153245,65.4048,92.3860,92.1719,88.3617,42.4420,60.9969,75.1665,76.0610,76.0290,28.9782
2002-10,0.081821,0.087239,0.098207,0.089299,0.124268,0.080650,0.089148,0.102099,0.093880,0.153389,65.3657,92.1774,92.0515,88.2750,42.3375,60.7406,74.7261,76.1261,76.0593,29.1718
2002-11,0.081675,0.087263,0.098119,0.089203,0.124614,0.080733,0.089039,0.101871,0.093910,0.153573,65.0965,91.9979,91.8860,88.2111,42.1924,60.4891,74.6622,76.2051,76.0500,29.1357
2002-12,0.081547,0.087422,0.098019,0.089167,0.124768,0.080787,0.089106,0.101695,0.093759,0.153730,65.1284,91.7795,91.8739,87.9221,42.1684,60.2322,74.5191,76.3261,76.1558,29.4723
2003-01,0.081538,0.087555,0.097863,0.089150,0.124890,0.080787,0.089185,0.101557,0.093656,0.153819,65.0713,91.7416,91.9060,87.8494,42.3858,59.9354,74.7799,76.3591,76.1539,29.6011
2003-02,0.081587,0.087660,0.097693,0.089191,0.124944,0.080773,0.089221,0.101478,0.093542,0.153911,64.6065,91.6561,91.9319,87.7638,42.4844,59.6551,74.6234,76.3641,76.5156,29.8723
2003-03,0.081618,0.087642,0.097557,0.089262,0.125067,0.080767,0.089162,0.101321,0.093593,0.154012,64.2145,91.7728,91.9205,87.9282,42.5067,59.5855,74.5609,76.3387,76.6410,29.7778
2003-04,0.081623,0.087606,0.097415,0.089320,0.125223,0.080760,0.089105,0.101164,0.093624,0.154159,63.9277,91.7591,91.8911,87.8703,42.4386,59.6451,74.4298,76.2933,76.8516,29.9081
2003-05,0.081618,0.087561,0.097269,0.089399,0.125373,0.080752,0.089047,0.101002,0.093649,0.154330,64.1213,92.0351,91.9487,87.7731,42.4322,59.8995,74.3881,76.3092,76.8687,30.0044
2003-06,0.081588,0.087507,0.097120,0.089460,0.125557,0.080744,0.088991,0.100837,0.093703,0.154492,63.8637,92.0458,91.9430,87.6663,42.4130,59.7252,74.2071,76.1525,76.9532,30.0238
2003-07,0.081556,0.087455,0.096972,0.089502,0.125763,0.080734,0.088934,0.100671,0.093775,0.154637,63.3899,92.0230,92.0711,87.6157,42.4370,59.5298,74.1137,76.0637,77.0454,30.0288
2003-08,0.081528,0.087406,0.096822,0.089554,0.125959,0.080724,0.088875,0.100504,0.093866,0.154762,63.2628,91.7702,92.2114,87.5214,42.4456,59.1336,73.9201,75.6954,76.9181,29.9482
2003-09,0.081518,0.087363,0.096671,0.089574,0.126183,0.080711,0.088813,0.100332,0.093925,0.154912,63.3007,91.6239,92.2755,87.5665,42.5376,58.9305,73.8391,75.6219,76.8300,30.0741
2003-10,0.081523,0.087319,0.096532,0.089620,0.126356,0.080710,0.088749,0.100172,0.093963,0.155057,63.5708,91.8172,92.2647,87.6023,42.7108,58.6386,73.5896,75.5586,76.7196,30.1634
2003-11,0.081537,0.087275,0.096405,0.089661,0.126513,0.080720,0.088685,0.100025,0.094005,0.155174,63.4098,91.8579,92.1976,87.7750,42.9154,58.1946,73.4211,75.5577,76.7088,30.3011
2003-12,0.081801,0.087119,0.096198,0.089778,0.126697,0.080827,0.088437,0.099715,0.094065,0.155363,63.8135,92.0641,92.0890,87.9179,43.1003,58.2842,73.3604,75.3940,76.7099,30.2834
2004-01,0.082054,0.086975,0.095985,0.089884,0.126899,0.080924,0.088196,0.099398,0.094142,0.155541,63.6860,91.8173,91.9941,87.9102,43.1470,58.4533,73.3536,75.2396,76.7540,30.3626
2004-02,0.082298,0.086842,0.095768,0.089968,0.127127,0.081010,0.087962,0.099076,0.094230,0.155718,63.6516,91.8556,91.8953,87.6476,43.2264,58.6643,73.5303,75.3931,76.7415,30.4596
2004-03,0.082292,0.086832,0.095640,0.090027,0.127264,0.080999,0.087916,0.098923,0.094267,0.155842,63.3923,91.5828,91.8082,87.5006,42.9233,58.6877,73.5970,75.4990,76.7072,30.5240
2004-04,0.082273,0.086807,0.095511,0.090082,0.127429,0.080974,0.087860,0.098770,0.094292,0.156001,63.3144,91.8274,91.7971,87.3742,42.7218,58.8749,73.6595,75.6558,76.5399,30.5263
2004-05,0.082243,0.086770,0.095382,0.090165,0.127592,0.080935,0.087796,0.098617,0.094306,0.156194,63.2950,91.8340,92.0126,87.4186,42.6144,58.8553,73.7292,75.6601,76.4350,30.5179
2004-06,0.082201,0.086720,0.095253,0.090225,0.127802,0.080882,0.087722,0.098460,0.094351,0.156383,63.2780,92.0696,92.2012,87.4844,42.8294,58.7598,73.7676,75.7890,76.3677,30.5503
2004-07,0.082167,0.086667,0.095115,0.090301,0.128003,0.080835,0.087647,0.098296,0.094411,0.156559,63.5543,92.1129,92.1329,87.4983,43.1845,58.3616,73.6883,75.8203,76.4246,30.5305
2004-08,0.082140,0.086611,0.094968,0.090371,0.128215,0.080793,0.087570,0.098126,0.094460,0.156744,63.4688,92.1434,91.8624,87.5293,43.2473,58.4148,73.4702,75.8183,76.3977,30.5479
2004-09,0.082121,0.086553,0.094811,0.090425,0.128450,0.080757,0.087493,0.097953,0.094510,0.156928,63.6170,92.0528,91.6485,87.3790,43.3989,58.5292,73.2647,75.8068,76.4049,30.5059
2004-10,0.082106,0.086498,0.094670,0.090472,0.128667,0.080728,0.087418,0.097792,0.094565,0.157084,63.6609,91.9363,91.8639,87.3753,43.4135,58.5597,73.4427,75.6956,76.4029,30.5305
2004-11,0.082095,0.086448,0.094543,0.090535,0.128845,0.080707,0.087346,0.097641,0.094609,0.157232,63.8907,91.9331,91.9293,87.3049,43.5319,58.6893,73.6221,75.6338,76.2631,30.6475
2004-12,0.082060,0.086350,0.094431,0.090624,0.129035,0.080677,0.087240,0.097492,0.094688,0.157401,63.5463,91.7915,92.0687,87.2816,43.4648,58.6242,74.0031,75.5316,76.0276,30.8164
2005-01,0.082013,0.086256,0.094319,0.090703,0.129245,0.080636,0.087137,0.097342,0.094754,0.157595,63.2986,91.7052,91.9782,87.3002,43.4547,58.5349,74.0109,75.5840,75.9517,30.9560
2005-02,0.081954,0.086163,0.094204,0.090750,0.129497,0.080583,0.087038,0.097191,0.094863,0.157756,63.1835,91.3974,92.0403,87.5188,43.5236,58.4725,73.9217,75.5023,75.8634,30.9132
2005-03,0.081911,0.086123,0.094088,0.090775,0.129718,0.080535,0.086979,0.097051,0.094965,0.157855,63.0879,91.4680,91.9817,87.7059,43.8611,58.4014,73.7053,75.6402,75.8832,31.0689
2005-04,0.081876,0.086087,0.093976,0.090799,0.129926,0.080492,0.086923,0.096914,0.095073,0.157935,63.0006,91.5310,91.9912,87.9091,44.0789,58.6700,73.7765,75.7050,75.8271,31.1441
2005-05,0.081848,0.086056,0.093867,0.090841,0.130102,0.080453,0.086868,0.096781,0.095171,0.158012,62.9819,91.7287,92.0449,87.8473,44.2960,58.5608,73.7610,75.8025,75.8664,31.3213
2005-06,0.081828,0.086030,0.093762,0.090921,0.130224,0.080420,0.086816,0.096652,0.095199,0.158148,62.9998,91.7206,92.1752,87.8528,44.3732,58.4785,73.7201,75.8237,75.9935,31.3291
2005-07,0.081805,0.086000,0.093643,0.091031,0.130339,0.080382,0.086759,0.096508,0.095202,0.158331,62.9991,91.8345,92.1489,87.9497,44.4679,58.4079,73.4841,75.8183,76.1170,31.4426
2005-08,0.081779,0.085966,0.093510,0.091151,0.130463,0.080341,0.086697,0.096351,0.095214,0.158527,62.7234,91.9701,92.1214,87.9834,44.4624,58.6813,73.6207,76.0394,76.1846,31.6288
2005-09,0.081750,0.085929,0.093364,0.091251,0.130629,0.080296,0.086631,0.096180,0.095293,0.158678,62.5143,92.0700,92.1095,87.8669,44.4805,59.0768,73.7340,75.9776,76.1367,31.7959
2005-10,0.081721,0.085893,0.093230,0.091356,0.130775,0.080252,0.086564,0.096022,0.095411,0.158777,62.5959,92.0196,92.0903,87.5541,44.3284,59.0608,74.1923,75.8072,75.9490,31.8908
2005-11,0.081691,0.085860,0.093107,0.091462,0.130905,0.080210,0.086495,0.095876,0.095515,0.158878,62.8986,91.8236,92.0256,87.4344,44.3514,58.5688,74.4213,75.6165,75.9290,31.9020
2005-12,0.081629,0.085766,0.092984,0.091557,0.131138,0.080131,0.086367,0.095721,0.095601,0.159106,63.0840,91.6510,91.9228,87.4165,44.3987,57.9334,74.3861,75.6140,75.9024,31.9011
2006-01,0.081575,0.085674,0.092861,0.091638,0.131373,0.080062,0.086243,0.095566,0.095645,0.159363,63.2271,91.5752,91.8049,87.5255,44.5520,57.7083,74.2219,75.8114,75.9618,31.8447
2006-02,0.081531,0.085586,0.092738,0.091655,0.131659,0.080001,0.086125,0.095411,0.095657,0.159637,63.3248,91.7713,91.8455,87.6431,44.6469,57.7048,74.0711,75.8079,75.9918,31.7341
2006-03,0.081526,0.085564,0.092626,0.091645,0.131852,0.079988,0.086071,0.095279,0.095663,0.159784,63.3756,91.8514,91.9930,87.7324,44.7713,57.7570,74.1149,75.7200,76.0551,31.8307
2006-04,0.081530,0.085544,0.092507,0.091615,0.132066,0.079983,0.086022,0.095138,0.095666,0.159930,63.3349,91.8316,92.1447,87.8036,44.8859,57.6223,74.1073,75.5782,76.1602,31.9788
2006-05,0.081541,0.085524,0.092379,0.091595,0.132269,0.079985,0.085976,0.094989,0.095682,0.160059,63.2275,91.6623,92.1145,87.9460,44.9211,57.7627,74.1860,75.5557,76.1906,32.2551
2006-06,0.081561,0.085506,0.092243,0.091613,0.132435,0.079995,0.085934,0.094830,0.095699,0.160185,63.2557,91.6403,91.9972,88.0575,44.6936,57.9212,74.4425,75.5757,76.2365,32.3957
2006-07,0.081559,0.085493,0.092099,0.091662,0.132592,0.079985,0.085895,0.094665,0.095740,0.160310,63.4685,91.3620,92.0516,88.1983,44.6309,58.0990,74.5980,75.8462,76.0529,32.5115
2006-08,0.081536,0.085485,0.091949,0.091732,0.132751,0.079954,0.085859,0.094493,0.095792,0.160450,63.5002,91.3820,92.0352,88.2759,44.7334,57.8791,74.6709,75.9493,75.9862,32.5524
2006-09,0.081492,0.085482,0.091792,0.091792,0.132943,0.079903,0.085825,0.094314,0.095836,0.160620,63.5710,91.4983,92.0256,88.3833,45.0107,57.7309,74.7821,76.0224,75.8954,32.5826
2006-10,0.081456,0.085483,0.091635,0.091873,0.133101,0.079864,0.085791,0.094136,0.095871,0.160790,63.2141,91.8364,92.0917,88.4086,45.1412,57.7317,74.8065,75.9752,75.8435,32.7218
2006-11,0.081428,0.085487,0.091478,0.091960,0.133239,0.079837,0.085757,0.093958,0.095893,0.160962,63.2640,92.0120,92.2268,88.4614,45.2237,58.0957,74.6766,76.1508,75.8887,32.8411
2006-12,0.081521,0.085483,0.091265,0.091972,0.133347,0.079857,0.085775,0.093787,0.095879,0.161113,63.0593,92.1870,92.5902,88.4235,45.0233,58.2735,74.5264,76.1167,75.9231,32.8342
2007-01,0.081612,0.085484,0.091060,0.091953,0.133475,0.079876,0.085799,0.093623,0.095878,0.161239,62.8006,92.2788,92.7156,88.3636,44.9035,58.1914,74.4113,75.9367,75.9224,32.8474
2007-02,0.081702,0.085489,0.090862,0.091931,0.133597,0.079893,0.085829,0.093467,0.095846,0.161385,62.3764,92.3525,92.7095,88.1774,44.8040,58.0501,74.3952,75.5823,75.9470,32.8729
2007-03,0.081677,0.085509,0.090728,0.091966,0.133744,0.079875,0.085812,0.093312,0.095860,0.161518,62.0909,92.2971,92.6243,88.1264,44.9147,57.5980,74.3087,75.3771,75.7861,32.8917
2007-04,0.081654,0.085535,0.090590,0.091948,0.133942,0.079859,0.085799,0.093152,0.095838,0.161683,61.7940,92.2847,92.5155,88.0964,45.0737,56.9715,74.3386,75.2519,76.0027,32.9375
2007-05,0.081632,0.085566,0.090447,0.091895,0.134172,0.079847,0.085791,0.092988,0.095835,0.161827,61.6756,92.2977,92.4304,88.1132,45.1293,56.6269,74.4715,75.1381,75.9847,33.0136
2007-06,0.081612,0.085604,0.090300,0.091851,0.134391,0.079839,0.085786,0.092819,0.095848,0.161951,61.4779,92.3192,92.2270,88.0224,45.2915,56.5492,74.4937,75.2016,76.1092,33.2353
2007-07,0.081575,0.085646,0.090143,0.091840,0.134597,0.079816,0.085784,0.092639,0.095888,0.162071,61.0959,92.2865,92.1047,87.9003,45.3572,56.5656,74.5180,75.3118,76.0953,33.2599
2007-08,0.081522,0.085694,0.089975,0.091872,0.134783,0.079777,0.085784,0.092449,0.095940,0.162204,60.8999,92.1756,92.0293,87.8994,45.4445,56.9203,74.4861,75.4576,76.1632,33.3106
2007-09,0.081454,0.085746,0.089796,0.091896,0.134999,0.079724,0.085786,0.092247,0.095942,0.162410,60.9331,92.0508,91.9560,88.0281,45.3704,56.9995,74.5352,75.5234,76.1263,33.3057
2007-10,0.081394,0.085793,0.089621,0.091944,0.135182,0.079679,0.085783,0.092050,0.095924,0.162630,61.3418,92.0373,91.9348,88.3154,45.4255,57.4431,74.5771,75.6794,76.0217,33.3876
2007-11,0.081344,0.085833,0.089450,0.091972,0.135378,0.079642,0.085776,0.091857,0.095893,0.162856,61.2579,91.9775,92.0235,88.6542,45.4029,57.2155,74.6741,75.8633,75.9078,33.4542
2007-12,0.081217,0.085652,0.089221,0.092019,0.135757,0.079594,0.085662,0.091667,0.095892,0.163320,61.3018,91.9679,92.0145,88.7723,45.5707,57.2677,74.8495,76.0127,75.8589,33.5666
2008-01,0.081100,0.085474,0.088996,0.092040,0.136143,0.079554,0.085556,0.091479,0.095898,0.163759,61.0294,91.7225,92.0458,88.6523,45.6234,56.7794,75.0628,75.9150,75.7357,33.6878
2008-02,0.080993,0.085301,0.088773,0.092056,0.136517,0.079523,0.085458,0.091295,0.095920,0.164165,61.0006,91.6025,92.0612,88.3409,45.7377,56.3259,75.4426,75.7671,75.6915,33.8047
2008-03,0.080982,0.085350,0.088614,0.092032,0.136703,0.079518,0.085470,0.091114,0.095933,0.164286,60.8705,91.4915,92.0868,88.1709,45.7148,56.2385,75.5587,75.8863,75.6961,33.7710
2008-04,0.080966,0.085402,0.088450,0.091990,0.136912,0.079511,0.085484,0.090926,0.095975,0.164383,61.5089,91.6705,91.9590,88.0401,45.6533,56.7174,75.4214,76.2687,75.8120,33.6963
2008-05,0.080946,0.085458,0.088280,0.091956,0.137120,0.079501,0.085502,0.090733,0.096031,0.164472,61.6986,91.6925,92.0397,87.8910,45.6961,57.0043,75.1207,76.5814,75.9820,33.6085
2008-06,0.080922,0.085518,0.088105,0.091958,0.137299,0.079489,0.085522,0.090533,0.096088,0.164566,61.8489,91.7047,92.2589,87.8980,45.8808,57.0080,74.8451,76.6124,75.9671,33.6588
2008-07,0.080891,0.085575,0.087920,0.091965,0.137493,0.079468,0.085538,0.090324,0.096119,0.164706,61.3256,91.6067,92.4815,87.8588,46.1023,56.7857,75.0685,76.3328,76.1116,33.8338
2008-08,0.080853,0.085630,0.087726,0.091993,0.137686,0.079440,0.085549,0.090107,0.096125,0.164892,61.2701,91.5471,92.5869,87.9003,46.1594,56.6799,75.1066,76.1032,76.0981,33.9339
2008-09,0.080808,0.085681,0.087523,0.092002,0.137917,0.079404,0.085556,0.089880,0.096075,0.165154,60.9895,91.4305,92.6225,87.8109,46.2445,56.4485,75.1980,76.0826,76.3233,34.1411
2008-10,0.080769,0.085732,0.087322,0.092020,0.138130,0.079372,0.085566,0.089656,0.096036,0.165397,60.5619,91.3533,92.5152,87.8924,46.3020,56.1368,75.0785,76.0288,76.4029,34.2605
2008-11,0.080737,0.085783,0.087123,0.092054,0.138316,0.079346,0.085577,0.089434,0.095992,0.165638,60.1530,91.2542,92.2865,87.8121,46.4518,56.0311,75.0291,76.1341,76.4771,34.4523
2008-12,0.080641,0.085649,0.086878,0.092153,0.138643,0.079303,0.085473,0.089186,0.096030,0.166044,59.5891,91.0631,92.1228,87.7240,46.5901,55.9301,75.0410,76.0293,76.3863,34.5211
2009-01,0.080544,0.085513,0.086644,0.092253,0.138961,0.079258,0.085371,0.088948,0.096066,0.166442,59.6999,90.9531,91.9424,87.6333,46.6705,56.0707,75.0475,76.1226,76.3240,34.4639
2009-02,0.080446,0.085375,0.086419,0.092290,0.139334,0.079212,0.085270,0.088721,0.096097,0.166836,59.4498,90.7517,91.7650,87.6831,46.6013,56.0618,75.1486,75.8522,76.2422,34.4850
2009-03,0.080416,0.085420,0.086254,0.092236,0.139575,0.079184,0.085288,0.088534,0.096080,0.167013,59.7680,90.6660,91.5989,87.6296,46.3436,56.0480,75.2379,75.8167,76.3137,34.5111
2009-04,0.080384,0.085462,0.086087,0.092184,0.139821,0.079156,0.085303,0.088347,0.096044,0.167212,59.6830,90.4373,91.6982,87.5497,46.3272,55.8474,75.2895,75.7366,76.1517,34.6664
2009-05,0.080350,0.085499,0.085920,0.092146,0.140061,0.079128,0.085315,0.088159,0.096014,0.167407,59.6226,90.3648,91.7258,87.4855,46.3421,55.8584,75.2380,76.2473,76.0118,34.7489
2009-06,0.080314,0.085533,0.085752,0.092171,0.140244,0.079099,0.085323,0.087972,0.096010,0.167581,59.1195,90.3117,91.6466,87.4591,46.4190,55.9066,75.3271,76.3946,75.8698,34.7860
2009-07,0.080271,0.085561,0.085582,0.092176,0.140463,0.079063,0.085324,0.087784,0.096003,0.167773,58.5597,90.3210,91.6412,87.4750,46.2244,55.7915,75.3036,76.4738,75.7834,34.7974
2009-08,0.080220,0.085584,0.085410,0.092174,0.140704,0.079018,0.085317,0.087594,0.095996,0.167982,58.0976,90.2470,91.6359,87.3593,46.1038,55.2609,75.0506,76.1868,75.7024,34.7678
2009-09,0.080162,0.085601,0.085236,0.092144,0.140987,0.078966,0.085303,0.087403,0.095934,0.168262,57.6206,90.2129,91.6702,87.3531,46.0314,54.4455,74.8357,75.8003,75.7412,34.7210
2009-10,0.080104,0.085620,0.085066,0.092086,0.141292,0.078913,0.085295,0.087214,0.095892,0.168518,57.1217,90.0693,91.6544,87.2284,46.0867,54.0835,74.5629,75.5381,75.9765,34.7057
2009-11,0.080046,0.085643,0.084899,0.092033,0.141583,0.078860,0.085291,0.087027,0.095836,0.168782,56.7248,89.8635,91.5914,87.2050,46.1287,53.7871,74.5907,75.2134,76.0777,34.6851
2009-12,0.080275,0.085678,0.084540,0.091854,0.141830,0.079039,0.085442,0.086648,0.095668,0.169027,56.5964,89.7335,91.6158,87.2131,46.2444,53.8586,74.6015,75.3612,76.2101,34.7584
2010-01,0.080503,0.085721,0.084191,0.091704,0.142028,0.079218,0.085603,0.086282,0.095478,0.169271,56.6917,89.7981,91.5702,87.1932,46.3359,53.7575,74.6235,75.4092,76.2431,34.7963
2010-02,0.080732,0.085774,0.083853,0.091536,0.142224,0.079398,0.085774,0.085928,0.095307,0.169474,57.0003,90.0775,91.7747,87.1709,46.4904,53.6333,74.5993,75.5195,76.4092,34.8863
2010-03,0.080673,0.085826,0.083720,0.091473,0.142458,0.079346,0.085805,0.085780,0.095250,0.169668,57.4557,90.1349,91.8454,87.1535,46.5308,53.6551,74.6247,75.4410,76.3267,34.9517
2010-04,0.080609,0.085886,0.083592,0.091426,0.142669,0.079291,0.085841,0.085638,0.095200,0.169849,57.4659,90.0338,91.8086,87.0831,46.5425,53.8068,74.8164,75.3026,75.8765,35.0669
2010-05,0.080541,0.085953,0.083471,0.091384,0.142867,0.079232,0.085882,0.085500,0.095108,0.170062,57.0440,89.8395,91.5720,87.0314,46.4112,53.6420,74.9108,75.2090,75.5778,35.1693
2010-06,0.080469,0.086027,0.083355,0.091367,0.143033,0.079169,0.085927,0.085368,0.095026,0.170259,56.4759,89.7347,91.4040,86.6971,46.3688,53.4419,74.8565,74.9960,75.2092,35.2559
2010-07,0.080397,0.086094,0.083233,0.091316,0.143246,0.079106,0.085966,0.085228,0.094914,0.170500,56.4358,89.6925,91.3182,86.6394,46.4331,53.3699,74.6684,74.8828,75.3588,35.2711
2010-08,0.080325,0.086153,0.083105,0.091251,0.143487,0.079042,0.085996,0.085081,0.094819,0.170739,56.4398,89.6592,91.3214,86.6146,46.5126,53.6394,74.5197,74.9284,75.3214,35.3047
2010-09,0.080254,0.086205,0.082970,0.091176,0.143753,0.078977,0.086019,0.084928,0.094750,0.170967,56.3924,89.5061,91.3144,86.6796,46.4227,53.9006,74.4346,75.0843,75.3352,35.0935
2010-10,0.080184,0.086261,0.082837,0.091093,0.144017,0.078914,0.086048,0.084777,0.094689,0.171180,56.4093,89.3046,91.2446,86.6496,46.2389,53.7250,74.5769,75.1913,75.3566,35.0175
2010-11,0.080116,0.086322,0.082707,0.091020,0.144260,0.078852,0.086082,0.084629,0.094606,0.171406,56.5233,89.1285,91.2296,86.5466,46.1908,53.3506,74.6735,75.0738,75.6222,34.9149
2010-12,0.080512,0.086257,0.082318,0.090685,0.144934,0.078764,0.086066,0.084457,0.094371,0.171636,56.8743,89.1541,91.1107,86.4400,46.1334,53.2130,74.4921,74.9066,75.8785,35.0412
2011-01,0.080913,0.086193,0.081943,0.090360,0.145580,0.078677,0.086049,0.084300,0.094133,0.171853,56.8419,89.2100,91.1869,86.3156,46.1247,53.1188,74.0906,74.7621,75.8567,35.0166
2011-02,0.081318,0.086130,0.081579,0.090021,0.146223,0.078593,0.086031,0.084159,0.093893,0.172053,56.9185,89.2162,91.1486,86.2095,46.0544,53.4559,73.9064,74.8767,75.4835,35.0086
2011-03,0.081265,0.086199,0.081490,0.089933,0.146417,0.078540,0.086070,0.084060,0.093769,0.172256,56.6067,89.0355,91.1270,86.2359,46.1812,53.4652,73.8348,75.0437,75.2809,35.0077
2011-04,0.081211,0.086272,0.081397,0.089843,0.146615,0.078486,0.086113,0.083957,0.093698,0.172408,56.3752,89.1245,91.0125,86.3631,46.1912,53.4473,73.8469,75.1066,75.1541,35.0640
2011-05,0.081157,0.086349,0.081299,0.089736,0.146833,0.078432,0.086160,0.083849,0.093658,0.172527,56.0382,89.1136,91.0818,86.3352,46.2713,53.1813,73.7620,74.8967,75.3171,35.0226
2011-06,0.081102,0.086430,0.081197,0.089624,0.147057,0.078377,0.086211,0.083737,0.093634,0.172632,55.6248,89.0651,91.0585,86.3323,46.2820,52.9263,73.8369,74.6560,75.3480,34.9896
2011-07,0.081045,0.086499,0.081099,0.089487,0.147316,0.078321,0.086248,0.083628,0.093520,0.172837,55.8732,88.9844,91.0078,86.1412,46.3513,52.9085,74.0828,74.5207,75.3779,34.9753
2011-08,0.080987,0.086556,0.081005,0.089340,0.147595,0.078263,0.086272,0.083522,0.093365,0.173096,56.2492,88.9940,90.7950,86.1011,46.4357,53.2661,74.2001,74.4149,75.3599,35.1640
2011-09,0.080927,0.086603,0.080915,0.089196,0.147879,0.078203,0.086282,0.083420,0.093167,0.173409,56.9187,89.2178,90.6227,86.0180,46.5099,53.5900,74.1196,74.3332,75.3517,35.2689
2011-10,0.080868,0.086647,0.080826,0.089066,0.148147,0.078145,0.086292,0.083318,0.092977,0.173715,57.0485,89.3187,90.6589,85.9154,46.5479,53.6362,73.7197,74.3873,75.3423,35.2922
2011-11,0.080810,0.086689,0.080737,0.088959,0.148390,0.078088,0.086302,0.083215,0.092793,0.174016,57.2024,89.4025,90.7743,86.0005,46.4901,53.2330,73.5622,74.5175,75.3199,35.1832
2011-12,0.080705,0.085444,0.080527,0.088748,0.149025,0.078480,0.086008,0.083297,0.092713,0.175053,56.9682,89.4654,90.9857,86.0562,46.4169,52.9357,73.6004,74.7363,75.1723,35.0943
2012-01,0.080612,0.084192,0.080323,0.088518,0.149667,0.078881,0.085707,0.083387,0.092669,0.176044,56.7192,89.3284,90.9885,86.2203,46.4753,53.0412,73.8326,74.8489,74.9776,35.1202
2012-02,0.080530,0.082932,0.080124,0.088290,0.150299,0.079292,0.085397,0.083485,0.092631,0.177021,56.3377,89.3709,90.8263,86.2437,46.6010,53.2719,73.9894,74.8319,74.6415,35.1540
2012-03,0.080509,0.082952,0.080053,0.088185,0.150509,0.079263,0.085385,0.083407,0.092514,0.177223,56.4202,89.4220,90.6522,86.2123,46.5559,53.2865,74.0917,74.7846,74.3004,35.2066
2012-04,0.080480,0.082977,0.079983,0.088099,0.150705,0.079227,0.085377,0.083330,0.092370,0.177453,56.4767,89.5350,90.5012,86.2201,46.6448,53.1924,74.0770,74.7710,74.3037,35.1505
2012-05,0.080443,0.083006,0.079914,0.088005,0.150910,0.079183,0.085376,0.083255,0.092227,0.177680,56.7179,89.4294,90.5802,86.2953,46.6152,53.1717,74.0614,74.8762,74.2996,35.1521
2012-06,0.080398,0.083040,0.079846,0.087886,0.151144,0.079133,0.085380,0.083181,0.092074,0.177918,56.8058,89.2748,90.7273,86.2278,46.7286,53.2380,73.9666,74.8581,74.7204,35.0197
2012-07,0.080346,0.083071,0.079776,0.087717,0.151439,0.079075,0.085380,0.083105,0.091875,0.178215,56.4925,89.1708,90.8446,86.1104,46.6716,53.0089,73.9269,74.8162,74.8843,35.0093
2012-08,0.080288,0.083097,0.079704,0.087523,0.151772,0.079012,0.085375,0.083028,0.091640,0.178562,56.3190,89.2275,90.8770,85.9390,46.7346,52.9698,74.0177,74.6460,75.1203,34.9264
2012-09,0.080222,0.083120,0.079630,0.087317,0.152129,0.078941,0.085365,0.082949,0.091400,0.178926,56.3394,89.6317,90.8380,85.9777,46.8696,52.9780,74.1583,74.7055,75.0352,35.0479
2012-10,0.080161,0.083143,0.079558,0.087146,0.152445,0.078875,0.085356,0.082870,0.091205,0.179242,56.7500,89.8289,90.5815,85.8019,47.0299,53.2138,74.1471,74.6331,74.8026,35.0801
2012-11,0.080105,0.083164,0.079487,0.086974,0.152754,0.078813,0.085347,0.082792,0.091065,0.179499,56.7457,89.9813,90.4607,85.7228,47.0913,53.4153,74.1603,74.8038,74.5191,35.2033
2012-12,0.080070,0.083187,0.079427,0.086796,0.152996,0.078786,0.085385,0.082728,0.090950,0.179676,56.9942,89.6860,90.4151,85.5602,47.1635,53.5934,73.9317,74.4788,74.3537,35.2782
2013-01,0.080032,0.083218,0.079369,0.086610,0.153236,0.078757,0.085433,0.082667,0.090856,0.179822,56.8474,89.6046,90.6662,85.5480,47.0536,53.6136,73.8405,74.1312,74.4036,35.3329
2013-02,0.079992,0.083256,0.079312,0.086465,0.153426,0.078729,0.085491,0.082609,0.090722,0.179997,56.8675,89.3255,90.7281,85.2816,46.9543,53.1554,73.5299,73.7547,74.4434,35.2476
2013-03,0.079934,0.083300,0.079246,0.086342,0.153652,0.078670,0.085513,0.082540,0.090579,0.180223,56.4035,89.2561,90.8920,85.3078,46.7140,53.2596,73.4530,73.6195,74.3946,35.1745
2013-04,0.079876,0.083348,0.079174,0.086280,0.153819,0.078611,0.085541,0.082465,0.090402,0.180483,56.5136,89.1564,91.0624,85.4564,46.5922,53.1891,73.4504,73.8341,74.3399,35.1656
2013-05,0.079818,0.083402,0.079098,0.086218,0.153986,0.078551,0.085576,0.082382,0.090254,0.180715,56.7864,89.1916,91.0148,85.8855,46.4594,53.7201,73.5678,73.8716,74.2761,35.2162
2013-06,0.079758,0.083460,0.079016,0.086133,0.154180,0.078490,0.085617,0.082292,0.090068,0.180985,56.8365,89.1224,90.9238,85.9904,46.4276,53.6238,73.6757,74.2145,74.2534,35.1457
2013-07,0.079685,0.083516,0.078939,0.085980,0.154452,0.078413,0.085654,0.082209,0.089907,0.181244,56.6966,89.1633,90.6379,85.8484,46.3983,53.6614,73.5831,74.3748,74.1220,35.1813
2013-08,0.079598,0.083570,0.078866,0.085820,0.154745,0.078320,0.085687,0.082133,0.089781,0.181480,56.8645,89.2580,90.5873,85.5457,46.3526,53.4784,73.3969,74.5375,74.1152,35.1162
2013-09,0.079496,0.083620,0.078798,0.085646,0.155064,0.078210,0.085717,0.082063,0.089662,0.181724,56.7468,89.1080,90.4313,85.3802,46.2428,53.3523,73.1477,74.2673,74.0191,35.0849
2013-10,0.079405,0.083669,0.078725,0.085502,0.155349,0.078113,0.085741,0.081989,0.089548,0.181960,56.5606,89.0686,90.5359,85.5372,46.1346,53.4740,73.2475,74.0194,73.9095,34.8497
2013-11,0.079324,0.083715,0.078647,0.085329,0.155659,0.078029,0.085759,0.081910,0.089376,0.182253,55.8720,88.8957,90.5998,85.4845,46.0773,53.5889,73.4269,73.8804,73.7037,34.7451
2013-12,0.079245,0.083778,0.078579,0.085194,0.155937,0.077948,0.085768,0.081835,0.089201,0.182514,55.7077,88.8711,90.7457,85.4793,46.0519,53.7047,73.7894,74.1001,73.5438,34.6977
2014-01,0.079168,0.083843,0.078519,0.085047,0.156217,0.077870,0.085781,0.081763,0.089007,0.182785,55.4547,88.7708,90.6098,85.2658,46.0019,53.5817,74.0842,74.4018,73.5010,34.8491
2014-02,0.079094,0.083908,0.078466,0.084891,0.156494,0.077797,0.085798,0.081695,0.088822,0.183035,56.0756,88.7064,90.6009,85.3072,45.9244,53.5009,74.0916,74.6023,73.6975,34.8711
2014-03,0.079029,0.083956,0.078406,0.084729,0.156756,0.077736,0.085823,0.081622,0.088675,0.183269,56.2436,88.6390,90.4325,85.2689,45.8573,53.3312,73.8583,74.6499,73.9079,34.9243
2014-04,0.078960,0.083997,0.078344,0.084559,0.157039,0.077670,0.085845,0.081549,0.088540,0.183498,56.5825,88.3897,90.5416,85.3468,45.8447,53.5973,73.5265,74.3901,74.0838,34.8919
2014-05,0.078886,0.084033,0.078281,0.084446,0.157275,0.077599,0.085864,0.081477,0.088428,0.183712,56.0968,88.4793,90.4439,85.4556,45.9014,53.4513,73.3799,74.2339,74.1588,34.8482
2014-06,0.078807,0.084062,0.078218,0.084344,0.157514,0.077522,0.085879,0.081405,0.088300,0.183948,56.4000,88.6785,90.5532,85.5601,45.9162,53.5095,73.4104,73.9005,74.1752,34.9192
2014-07,0.078713,0.084088,0.078158,0.084276,0.157734,0.077431,0.085889,0.081337,0.088217,0.184157,56.4383,88.9571,90.5841,85.7585,45.9056,52.9963,73.6125,73.8775,74.1542,34.8645
2014-08,0.078605,0.084111,0.078101,0.084201,0.157976,0.077324,0.085895,0.081274,0.088127,0.184387,56.7105,88.8293,90.6038,85.8481,45.8729,53.1364,73.7685,73.8452,73.8477,34.9045
2014-09,0.078481,0.084131,0.078047,0.084105,0.158254,0.077201,0.085895,0.081214,0.088032,0.184640,56.7298,88.7466,90.5616,85.8635,45.8974,53.6827,74.0547,73.9465,73.7083,34.8267
2014-10,0.078364,0.084151,0.077988,0.083999,0.158540,0.077086,0.085897,0.081146,0.087908,0.184922,56.9239,88.5493,90.4325,85.7500,45.9406,54.3061,74.1220,73.9066,73.4863,34.8945
2014-11,0.078254,0.084170,0.077923,0.083871,0.158845,0.076977,0.085901,0.081071,0.087769,0.185220,56.8147,88.6543,90.3998,85.7176,45.9841,54.2740,74.1320,73.8408,73.5528,34.8705
2014-12,0.078182,0.084158,0.077860,0.083790,0.158982,0.076936,0.085976,0.081051,0.087648,0.185416,56.6639,88.8173,90.3541,85.7292,46.0273,53.7095,73.8712,73.8973,73.6918,34.9101
2015-01,0.078108,0.084145,0.077805,0.083706,0.159114,0.076894,0.086054,0.081040,0.087492,0.185641,56.5931,89.0225,90.2407,85.8069,45.9278,53.4419,73.5497,73.9069,73.7820,34.7620
2015-02,0.078031,0.084133,0.077758,0.083584,0.159277,0.076851,0.086133,0.081038,0.087366,0.185828,56.3863,89.1024,90.2142,85.8084,45.9199,53.4322,73.3770,73.8431,73.5622,34.7502
2015-03,0.077921,0.084152,0.077710,0.083445,0.159570,0.076745,0.086146,0.080983,0.087212,0.186117,56.2110,89.0987,90.1662,85.9360,45.9790,53.4027,73.5168,73.8568,73.3267,34.6938
2015-04,0.077812,0.084181,0.077662,0.083318,0.159840,0.076639,0.086167,0.080926,0.087092,0.186364,56.4996,89.1699,90.2023,85.8695,46.1475,53.5357,73.8356,74.0034,73.3993,34.7083
2015-05,0.077705,0.084222,0.077613,0.083234,0.160055,0.076533,0.086196,0.080869,0.087001,0.186572,56.3901,89.1069,90.2908,85.7596,46.1244,53.9095,73.9090,74.1384,73.5662,34.6858
2015-06,0.077600,0.084273,0.077564,0.083129,0.160281,0.076427,0.086234,0.080810,0.086957,0.186726,56.2801,88.9094,90.2534,85.7678,46.1465,54.1254,73.6076,74.2640,73.5217,34.6174
2015-07,0.077485,0.084319,0.077513,0.083040,0.160508,0.076312,0.086264,0.080751,0.086920,0.186887,55.8229,88.6087,90.3202,85.9321,45.9667,54.1166,73.2498,74.3040,73.2635,34.6314
2015-08,0.077361,0.084360,0.077461,0.082953,0.160748,0.076189,0.086287,0.080691,0.086828,0.187121,55.8194,88.4510,90.3777,86.0446,45.8495,53.7422,73.0439,74.3990,73.0898,34.6452
2015-09,0.077227,0.084396,0.077407,0.082834,0.161036,0.076058,0.086302,0.080631,0.086697,0.187411,55.9312,88.4455,90.5119,85.9400,45.6868,53.7402,73.0291,74.4429,73.1244,34.7310
2015-10,0.077101,0.084436,0.077346,0.082693,0.161343,0.075936,0.086320,0.080561,0.086545,0.187719,55.9112,88.5615,90.3424,85.8091,45.7019,53.6464,73.0509,74.5620,73.2885,34.8569
2015-11,0.076981,0.084478,0.077276,0.082532,0.161665,0.075821,0.086342,0.080482,0.086415,0.188007,56.2056,88.6142,90.3174,85.7796,45.7953,54.1160,73.1588,74.7031,73.5448,34.9036
2015-12,0.076908,0.084594,0.077227,0.082401,0.161855,0.075726,0.086398,0.080408,0.086325,0.188158,55.9521,88.5934,90.2654,85.9354,45.8829,54.1751,73.4852,74.7450,73.6529,34.9141
2016-01,0.076849,0.084717,0.077181,0.082267,0.162021,0.075645,0.086461,0.080340,0.086242,0.188278,56.1158,88.5111,90.5295,86.0623,46.0149,54.1992,73.7280,74.5150,73.7229,34.8910
2016-02,0.076806,0.084846,0.077140,0.082156,0.162138,0.075576,0.086529,0.080278,0.086174,0.188356,56.0826,88.6023,90.4913,86.3402,46.1349,53.9281,73.9424,74.5916,73.7669,34.9189
2016-03,0.076738,0.084912,0.077076,0.082063,0.162310,0.075510,0.086574,0.080209,0.086027,0.188580,56.4178,88.6785,90.5704,86.3779,46.2263,53.9490,73.8901,74.5784,73.9159,34.9081
2016-04,0.076665,0.084973,0.077023,0.081961,0.162493,0.075437,0.086617,0.080150,0.085884,0.188797,56.3388,88.8614,90.5678,86.2847,46.1608,54.1869,73.9700,74.7271,73.9574,34.7536
2016-05,0.076585,0.085029,0.076980,0.081858,0.162677,0.075358,0.086657,0.080102,0.085704,0.189049,56.3565,88.9605,90.6594,86.1982,46.1756,54.0046,74.1095,74.5423,73.8528,34.6461
2016-06,0.076500,0.085080,0.076948,0.081768,0.162850,0.075273,0.086696,0.080064,0.085543,0.189278,56.4250,89.0403,90.6691,86.1095,46.3244,53.7634,74.3998,74.4232,73.7232,34.5661
2016-07,0.076401,0.085125,0.076922,0.081711,0.163002,0.075176,0.086726,0.080032,0.085385,0.189520,56.7980,89.0410,90.6768,86.1170,46.4325,53.5577,74.8072,74.3346,73.6460,34.5518
2016-08,0.076288,0.085165,0.076901,0.081668,0.163153,0.075067,0.086748,0.080006,0.085204,0.189799,56.8790,88.9750,90.6721,86.1730,46.4528,53.6392,75.1187,74.5351,73.7399,34.5631
2016-09,0.076162,0.085200,0.076887,0.081569,0.163373,0.074946,0.086760,0.079986,0.085040,0.190077,56.9246,88.8712,90.6836,86.4192,46.2878,53.5874,75.1505,74.6437,74.1057,34.5660
2016-10,0.076050,0.085234,0.076867,0.081428,0.163626,0.074840,0.086772,0.079961,0.084874,0.190349,56.8084,88.6768,90.7637,86.5916,46.1698,53.5056,74.8285,74.6753,74.2926,34.6253
2016-11,0.075950,0.085268,0.076842,0.081236,0.163922,0.074749,0.086782,0.079929,0.084750,0.190572,56.8334,88.6082,90.7370,86.5659,45.9570,53.5852,74.7443,74.4614,74.3050,34.6078
2016-12,0.075897,0.085310,0.076803,0.081063,0.164153,0.074694,0.086776,0.079867,0.084638,0.190798,56.8053,88.8690,90.7748,86.2591,45.8219,53.8187,74.7641,74.4255,74.0333,34.7062
2017-01,0.075843,0.085355,0.076773,0.080904,0.164359,0.074639,0.086773,0.079813,0.084524,0.191017,56.7400,89.0306,90.6923,86.0818,45.8506,53.9627,75.0602,74.5654,73.8943,34.7132
2017-02,0.075786,0.085403,0.076752,0.080750,0.164549,0.074585,0.086772,0.079767,0.084394,0.191242,56.6340,88.9863,90.7448,85.8974,46.0287,54.1473,75.2786,74.6666,74.0036,34.8166
2017-03,0.075694,0.085446,0.076750,0.080567,0.164792,0.074509,0.086788,0.079754,0.084229,0.191471,56.8811,88.6387,90.8734,85.9782,46.1359,54.4234,75.5996,74.7104,74.3143,34.7399
2017-04,0.075602,0.085485,0.076755,0.080377,0.165038,0.074432,0.086802,0.079750,0.084065,0.191693,56.9368,88.5363,90.8696,86.1625,46.1140,54.3151,75.6950,74.8107,74.5883,34.8092
2017-05,0.075510,0.085520,0.076769,0.080246,0.165222,0.074355,0.086813,0.079755,0.083896,0.191914,56.9928,88.5646,90.8992,86.2728,46.0777,54.2307,75.5764,74.9233,74.7211,34.8268
2017-06,0.075418,0.085551,0.076791,0.080167,0.165350,0.074278,0.086821,0.079768,0.083776,0.192080,56.7729,88.7312,90.7279,86.4012,46.0093,54.1233,75.5673,75.0892,74.6127,34.8876
2017-07,0.075318,0.085576,0.076819,0.080082,0.165494,0.074194,0.086821,0.079786,0.083639,0.192273,56.8017,88.8184,90.5649,86.4055,46.0871,54.4266,75.4541,75.0918,74.6624,34.8619
2017-08,0.075210,0.085593,0.076851,0.079973,0.165671,0.074102,0.086811,0.079808,0.083488,0.192493,56.9847,88.9032,90.4668,86.5657,46.2096,54.6402,75.6204,75.1766,74.7314,34.8005
2017-09,0.075094,0.085603,0.076889,0.079808,0.165914,0.074002,0.086793,0.079834,0.083303,0.192760,56.9392,88.8633,90.5122,86.5744,46.2373,54.5897,75.5445,75.0171,74.5656,34.6998
2017-10,0.074984,0.085619,0.076918,0.079651,0.166146,0.073909,0.086781,0.079850,0.083127,0.193015,56.6232,88.8251,90.6259,86.6104,46.2411,54.3786,75.6484,75.0992,74.4848,34.5840
2017-11,0.074881,0.085640,0.076939,0.079461,0.166406,0.073821,0.086777,0.079857,0.082999,0.193222,56.0242,88.7086,90.7721,86.8515,46.0202,54.0100,75.4618,75.0360,74.3087,34.5445
2017-12,0.074776,0.085761,0.076999,0.079273,0.166604,0.073713,0.086780,0.079874,0.082873,0.193348,56.0240,88.6059,90.7221,87.1006,45.9191,54.0611,75.3566,75.1481,74.2768,34.4242
2018-01,0.074679,0.085884,0.077068,0.079076,0.166792,0.073613,0.086783,0.079900,0.082716,0.193487,56.2828,88.7217,90.8191,87.3081,45.8700,54.2201,75.3012,75.0310,74.3042,34.4343
2018-02,0.074591,0.086009,0.077145,0.078893,0.166950,0.073522,0.086787,0.079935,0.082560,0.193608,56.8267,88.8538,90.8798,87.1314,45.9142,54.3489,75.4217,74.9900,74.3780,34.3951
2018-03,0.074518,0.086041,0.077180,0.078719,0.167139,0.073465,0.086791,0.079958,0.082393,0.193796,56.8952,89.2111,91.0922,86.9935,46.0449,54.3169,75.5509,75.1019,74.3816,34.5822
2018-04,0.074441,0.086072,0.077219,0.078560,0.167317,0.073402,0.086795,0.079983,0.082231,0.193981,56.7237,89.2967,91.2318,86.9873,46.1864,54.3050,75.7504,74.9801,74.3731,34.6773
2018-05,0.074358,0.086102,0.077261,0.078389,0.167509,0.073332,0.086800,0.080013,0.082015,0.194220,56.4908,89.4558,91.1609,86.9520,46.2618,54.5339,75.8272,75.0155,74.6012,34.8540
2018-06,0.074271,0.086130,0.077306,0.078212,0.167712,0.073257,0.086807,0.080046,0.081845,0.194414,56.1268,89.3396,91.0830,86.8699,46.3187,54.9763,75.9373,75.0415,75.0054,34.8400
2018-07,0.074182,0.086157,0.077348,0.078040,0.167917,0.073179,0.086810,0.080076,0.081661,0.194629,55.5470,89.2815,90.9909,86.5280,46.2658,54.5645,75.9157,75.1461,75.2278,34.8482
2018-08,0.074092,0.086182,0.077388,0.077903,0.168095,0.073100,0.086809,0.080102,0.081501,0.194829,55.1234,89.1571,90.7716,86.5323,46.2449,54.5146,75.9331,75.0195,75.2460,34.7932
2018-09,0.074001,0.086204,0.077426,0.077781,0.168263,0.073019,0.086806,0.080124,0.081314,0.195062,54.9288,89.1250,90.7528,86.6544,46.1877,54.1378,76.0468,75.0925,75.2576,34.8349
2018-10,0.073913,0.086226,0.077459,0.077655,0.168434,0.072942,0.086803,0.080143,0.081147,0.195277,55.1113,89.0655,90.7179,87.0418,46.1626,54.5842,76.2146,75.2078,75.1281,34.8844
2018-11,0.073830,0.086248,0.077489,0.077499,0.168634,0.072869,0.086801,0.080158,0.080961,0.195513,55.1687,88.9972,90.9041,87.1575,46.2059,54.6336,76.4444,75.3446,75.2029,34.9443
2018-12,0.073728,0.086282,0.077512,0.077299,0.168855,0.072811,0.086811,0.080172,0.080759,0.195771,55.4357,89.0054,90.9374,87.2980,46.2125,54.6746,76.5353,75.1598,75.3931,35.0276
2019-01,0.073630,0.086316,0.077540,0.077104,0.169062,0.072756,0.086823,0.080190,0.080598,0.195981,55.5525,88.9669,91.0701,87.2609,46.2283,54.7641,76.5353,75.0947,75.5407,35.1224
2019-02,0.073534,0.086351,0.077572,0.076918,0.169251,0.072704,0.086837,0.080214,0.080475,0.196143,55.7472,89.2177,91.0238,87.5005,46.1215,54.7872,76.3638,75.0245,75.5620,35.0985
2019-03,0.073463,0.086374,0.077610,0.076768,0.169417,0.072642,0.086843,0.080240,0.080375,0.196268,55.8782,89.1327,91.0254,87.5397,46.0484,54.8777,76.2401,75.0011,75.5362,35.0338
2019-04,0.073390,0.086395,0.077646,0.076624,0.169584,0.072579,0.086846,0.080265,0.080238,0.196433,56.4607,89.1892,90.8598,87.5378,46.0710,55.1458,76.1615,75.1550,75.6878,34.7849
2019-05,0.073314,0.086415,0.077679,0.076486,0.169754,0.072516,0.086846,0.080288,0.080043,0.196660,57.0430,88.8524,90.8295,87.3736,46.2175,55.2402,76.4113,75.2860,75.6531,34.7042
2019-06,0.073235,0.086432,0.077708,0.076337,0.169943,0.072452,0.086843,0.080311,0.079845,0.196894,57.5669,88.8151,90.6845,87.3466,46.5197,55.6272,76.2030,75.5042,75.3765,34.7205
2019-07,0.073163,0.086431,0.077740,0.076152,0.170180,0.072392,0.086822,0.080334,0.079623,0.197164,57.3756,88.8171,90.6122,87.3802,46.6122,55.5681,76.4319,75.6643,75.3438,34.8525
2019-08,0.073098,0.086411,0.077772,0.075979,0.170415,0.072337,0.086783,0.080357,0.079421,0.197426,57.0996,88.9061,90.7233,87.4238,46.5724,55.5043,76.5037,76.0972,75.3860,34.9815
2019-09,0.073039,0.086373,0.077807,0.075870,0.170598,0.072287,0.086726,0.080381,0.079207,0.197713,56.7184,89.0163,90.7863,87.3377,46.4077,55.2895,77.1052,76.4368,75.7550,35.0260
2019-10,0.072977,0.086344,0.077836,0.075798,0.170742,0.072233,0.086679,0.080400,0.079080,0.197911,56.6213,89.3094,90.8727,87.3111,46.3810,55.0929,77.2114,76.4679,75.9727,35.0465
2019-11,0.072913,0.086324,0.077859,0.075708,0.170901,0.072176,0.086644,0.080413,0.079004,0.198059,56.4987,89.4341,90.7773,87.3121,46.4056,54.9990,77.4074,76.4623,76.1930,34.9986
2019-12,0.072793,0.086260,0.077867,0.075585,0.171190,0.072085,0.086578,0.080421,0.078968,0.198254,56.5043,89.4149,90.6880,87.5746,46.4016,55.0771,77.8031,76.3990,76.0459,34.9268
2020-01,0.072677,0.086193,0.077884,0.075445,0.171486,0.071999,0.086510,0.080436,0.078912,0.198459,56.7432,89.0864,90.5617,87.6967,46.3815,55.4619,78.1107,76.4517,75.8442,34.9316
2020-02,0.072564,0.086123,0.077909,0.075337,0.171740,0.071917,0.086441,0.080458,0.078818,0.198693,56.1878,88.8489,90.5436,87.7106,46.1872,55.2607,77.6919,76.2404,75.7293,34.7754
2020-03,0.072508,0.086104,0.077951,0.075251,0.171863,0.071872,0.086412,0.080488,0.078689,0.198861,54.1219,87.5608,89.8689,86.8227,45.6312,52.9976,76.0222,75.4385,74.9397,34.3186
2020-04,0.072449,0.086085,0.077997,0.075202,0.171949,0.071823,0.086383,0.080521,0.078552,0.199039,52.6624,86.7892,89.3531,86.3940,44.9727,51.5479,75.0240,74.6215,74.4325,33.8039
2020-05,0.072386,0.086066,0.078049,0.075101,0.172088,0.071772,0.086353,0.080556,0.078450,0.199181,51.8613,86.1221,88.9599,86.5067,44.7646,50.9919,74.7971,74.4572,73.9876,33.5879
2020-06,0.072320,0.086046,0.078105,0.074965,0.172260,0.071717,0.086323,0.080594,0.078382,0.199287,52.7751,86.4534,89.3573,86.9778,44.9135,51.9977,75.3940,74.9725,74.3384,33.8241
2020-07,0.072257,0.086015,0.078163,0.074781,0.172490,0.071664,0.086281,0.080633,0.078297,0.199420,53.4073,86.5366,89.7897,87.0962,45.1130,52.1708,75.4178,75.4010,74.3017,34.2027
2020-08,0.072197,0.085971,0.078222,0.074611,0.172714,0.071613,0.086227,0.080674,0.078147,0.199626,54.4052,86.6585,89.7905,86.5784,45.0188,52.5270,75.4167,74.9123,73.8883,34.1526
2020-09,0.072139,0.085916,0.078281,0.074473,0.172914,0.071563,0.086161,0.080716,0.077949,0.199888,55.4718,86.9763,89.7330,86.5832,44.8875,53.1857,75.4139,74.4937,73.9736,33.9508
2020-10,0.072087,0.085865,0.078337,0.074374,0.173068,0.071518,0.086101,0.080754,0.077790,0.200108,55.8035,86.9262,89.5358,86.4309,44.7279,53.8170,75.1535,74.3611,74.1936,33.6653
2020-11,0.072039,0.085817,0.078389,0.074328,0.173163,0.071476,0.086047,0.080786,0.077703,0.200251,55.9216,86.9355,89.4948,86.3470,44.6008,54.0463,74.8606,74.3690,74.9265,33.5637
2020-12,0.071964,0.085793,0.078476,0.074290,0.173226,0.071409,0.085998,0.080843,0.077689,0.200313,55.7353,86.9276,89.5756,86.1414,44.3746,53.9572,74.8417,74.3321,74.9429,33.4249
2021-01,0.071882,0.085772,0.078565,0.074248,0.173293,0.071336,0.085951,0.080902,0.077650,0.200402,55.8739,86.9334,89.5449,86.1337,44.2477,53.9194,75.1315,74.0921,75.1155,33.2323
2021-02,0.071794,0.085754,0.078657,0.074207,0.173358,0.071258,0.085907,0.080963,0.077589,0.200513,55.7512,86.9938,89.6193,86.0648,44.0784,53.9311,75.5531,74.1765,74.9798,33.2237
2021-03,0.071731,0.085720,0.078713,0.074128,0.173481,0.071203,0.085867,0.080998,0.077518,0.200641,56.2181,87.1596,89.4482,86.1221,44.1685,54.2202,75.8392,74.2000,75.1329,33.3201
2021-04,0.071669,0.085681,0.078771,0.074055,0.173603,0.071147,0.085822,0.081036,0.077454,0.200764,56.4962,87.4618,89.5703,86.1452,44.2002,54.4958,76.0591,74.2641,75.1014,33.4279
2021-05,0.071608,0.085635,0.078832,0.073958,0.173752,0.071091,0.085771,0.081077,0.077383,0.200893,56.7519,87.5808,89.7029,86.4671,44.3763,54.7623,76.1884,74.4058,75.0258,33.4483
2021-06,0.071547,0.085584,0.078896,0.073868,0.173898,0.071035,0.085715,0.081123,0.077312,0.201023,56.5868,87.7644,89.8635,86.5913,44.4064,54.8974,76.2812,74.7499,74.9934,33.3055
2021-07,0.071487,0.085522,0.078958,0.073774,0.174060,0.070978,0.085648,0.081163,0.077189,0.201219,56.4965,87.8907,89.8001,86.7988,44.4125,54.8446,76.3566,74.9150,74.9006,33.3036
2021-08,0.071427,0.085451,0.079017,0.073689,0.174226,0.070922,0.085572,0.081200,0.077095,0.201400,56.6344,87.9681,89.6990,86.7394,44.4142,54.7161,76.2455,74.7336,75.0956,33.2441
2021-09,0.071368,0.085369,0.079074,0.073646,0.174363,0.070865,0.085486,0.081232,0.076994,0.201603,56.6632,87.9648,89.5670,86.7831,44.3108,54.5695,76.1852,74.5846,75.1391,33.3561
2021-10,0.071309,0.085299,0.079119,0.073610,0.174492,0.070807,0.085410,0.081254,0.076946,0.201754,56.7822,88.1189,89.5501,86.7397,44.2682,54.6275,76.5077,74.7138,75.2310,33.3304
2021-11,0.071248,0.085239,0.079153,0.073568,0.174627,0.070748,0.085345,0.081268,0.076954,0.201851,56.8847,88.2725,89.4727,86.7838,44.1473,54.7052,76.8033,75.2163,75.1264,33.3979
2021-12,0.071570,0.084684,0.079747,0.074129,0.174835,0.071025,0.085052,0.081471,0.076946,0.200543,56.6811,88.2781,89.5354,86.7284,44.3676,54.6351,77.0714,75.5178,75.1639,33.6141
2022-01,0.071908,0.084122,0.080337,0.074677,0.175046,0.071317,0.084757,0.081674,0.076976,0.199187,56.4172,88.3291,89.7744,86.7103,44.7371,54.4597,76.8969,75.8016,74.9252,33.7535
2022-02,0.072262,0.083555,0.080925,0.075220,0.175254,0.071622,0.084459,0.081876,0.076889,0.197937,56.2280,88.4882,89.9412,86.7494,45.0635,54.3476,77.1457,75.9585,75.0062,33.7523
2022-03,0.072249,0.083489,0.080940,0.075116,0.175424,0.071605,0.084398,0.081879,0.076815,0.198085,56.1456,88.8683,90.0245,86.7991,45.0857,54.4473,77.3733,76.1285,74.7896,33.6242
2022-04,0.072237,0.083420,0.080956,0.074999,0.175607,0.071589,0.084334,0.081885,0.076712,0.198261,56.1368,89.0713,89.8966,86.9818,44.9220,54.6993,77.9964,76.3737,74.7869,33.6448
2022-05,0.072227,0.083349,0.080974,0.074922,0.175750,0.071575,0.084266,0.081895,0.076621,0.198422,56.4671,89.1554,89.6202,87.0571,44.6441,54.8344,77.8892,76.5235,74.6253,33.8061
2022-06,0.072220,0.083276,0.080993,0.074877,0.175862,0.071562,0.084193,0.081908,0.076549,0.198561,56.7556,88.7329,89.5449,87.2084,44.4288,54.9879,77.9891,76.4008,74.8212,33.8300
2022-07,0.072215,0.083194,0.081008,0.074849,0.175969,0.071550,0.084110,0.081916,0.076462,0.198727,56.9509,88.5320,89.5330,87.0936,44.2731,55.2147,77.9618,76.1986,75.4936,33.6530
2022-08,0.072213,0.083102,0.081019,0.074805,0.176104,0.071541,0.084016,0.081919,0.076451,0.198830,56.6131,88.5718,89.6084,87.1936,44.4162,55.1968,77.9710,76.1722,75.7501,33.4486
2022-09,0.072213,0.083000,0.081026,0.074767,0.176244,0.071533,0.083912,0.081917,0.076424,0.198962,56.6056,88.8382,89.6357,87.1610,44.6331,54.7613,77.9522,76.2429,75.8307,33.3756
2022-10,0.072212,0.082906,0.081033,0.074747,0.176361,0.071525,0.083814,0.081917,0.076400,0.199086,56.5733,88.8013,89.5790,87.2559,44.7096,54.2638,77.7695,76.2983,75.4043,33.3425
2022-11,0.072208,0.082817,0.081039,0.074736,0.176462,0.071517,0.083722,0.081917,0.076347,0.199235,56.6528,88.6921,89.7490,87.3030,44.6933,54.2267,77.5441,76.3678,75.4447,33.4276
2022-12,0.072955,0.083124,0.081115,0.074734,0.175844,0.072062,0.083578,0.081671,0.075978,0.198938,56.5522,88.7074,89.7113,87.3503,44.6016,55.0054,77.5008,76.5982,75.6420,33.3775
2023-01,0.073700,0.083448,0.081201,0.074773,0.175158,0.072607,0.083452,0.081437,0.075695,0.198529,56.7953,88.9858,89.7604,87.3709,44.5136,55.6073,77.4661,76.9080,76.0050,33.4071
2023-02,0.074443,0.083788,0.081295,0.074786,0.174474,0.073153,0.083343,0.081212,0.075406,0.198100,57.1836,89.2048,90.0270,87.3288,44.3785,55.7326,77.7933,77.1530,76.0827,33.3867
2023-03,0.074432,0.083757,0.081331,0.074767,0.174501,0.073145,0.083309,0.081244,0.075425,0.198090,57.1513,89.3652,90.2802,87.5259,44.2527,55.6117,77.9588,77.3255,76.2828,33.4078
2023-04,0.074412,0.083728,0.081365,0.074659,0.174622,0.073128,0.083279,0.081277,0.075360,0.198169,57.0208,89.3357,90.3524,87.8240,44.2160,55.5426,78.1288,77.4075,76.5706,33.4684
2023-05,0.074385,0.083703,0.081400,0.074518,0.174781,0.073102,0.083252,0.081312,0.075259,0.198289,56.5076,89.3192,90.2337,87.8838,44.2297,55.7742,78.2320,77.3837,77.1698,33.4471
2023-06,0.074350,0.083680,0.081434,0.074401,0.174920,0.073067,0.083228,0.081349,0.075183,0.198388,56.2573,89.4520,90.2266,87.7097,44.2002,55.8336,78.2700,77.3858,77.1816,33.5974
2023-07,0.074317,0.083645,0.081463,0.074321,0.175037,0.073035,0.083189,0.081381,0.075152,0.198459,56.2703,89.5253,90.2822,87.5671,44.1595,56.0640,78.2752,77.4522,77.0062,33.7767
2023-08,0.074286,0.083596,0.081489,0.074289,0.175122,0.073005,0.083136,0.081408,0.075167,0.198503,56.3922,89.6188,90.2975,87.8563,44.0843,56.1265,78.4529,77.4251,76.5209,33.9183
2023-09,0.074258,0.083533,0.081509,0.074235,0.175242,0.072979,0.083069,0.081430,0.075165,0.198581,56.5458,89.3436,90.2473,88.0270,44.0393,56.3202,78.5508,77.5626,76.4955,33.9045
2023-10,0.074226,0.083481,0.081530,0.074221,0.175315,0.072949,0.083013,0.081448,0.075112,0.198703,56.3907,89.2622,90.2945,88.2004,44.1781,56.1653,78.4414,77.7344,76.4099,33.8397
2023-11,0.074191,0.083438,0.081552,0.074184,0.175405,0.072916,0.082970,0.081464,0.075067,0.198813,56.2690,89.2246,90.3167,88.0225,44.1763,56.0804,78.2677,77.8050,76.2813,33.6475
2023-12,0.073819,0.083189,0.081625,0.074140,0.175586,0.072575,0.083114,0.081804,0.075234,0.198914,56.2690,89.3284,90.3713,88.0774,44.1543,55.8952,78.0096,77.8905,76.2410,33.5618
2024-01,0.073469,0.082930,0.081701,0.074068,0.175781,0.072252,0.083249,0.082149,0.075391,0.199010,55.9604,89.3481,90.4394,87.8791,44.0162,55.6883,78.0568,78.0295,76.2084,33.5412
2024-02,0.073141,0.082662,0.081779,0.074000,0.175959,0.071948,0.083376,0.082498,0.075491,0.199147,56.0915,89.2922,90.3328,87.9581,44.0615,55.8168,78.0517,78.3641,76.2992,33.6646
2024-03,0.073168,0.082600,0.081807,0.073959,0.176008,0.071966,0.083317,0.082522,0.075350,0.199302,56.3407,89.1918,90.3743,87.8843,44.0320,55.8535,78.0713,78.6334,76.4533,33.6997
2024-04,0.073186,0.082540,0.081834,0.073899,0.176084,0.071975,0.083258,0.082548,0.075249,0.199426,56.7026,89.1447,90.3983,87.8676,43.8884,55.8788,78.1038,78.7262,76.6964,33.6458
2024-05,0.073194,0.082482,0.081863,0.073837,0.176167,0.071975,0.083199,0.082577,0.075233,0.199473,56.8263,89.2307,90.6366,87.8256,43.7551,55.6533,78.2533,78.7101,76.7768,33.6067
2024-06,0.073193,0.082425,0.081891,0.073746,0.176287,0.071967,0.083139,0.082607,0.075269,0.199476,56.7201,89.6249,90.8486,87.9777,43.7433,55.5088,78.2608,78.5236,77.1046,33.5532
2024-07,0.073190,0.082355,0.081916,0.073641,0.176437,0.071956,0.083067,0.082632,0.075319,0.199487,56.3286,89.6003,90.8701,88.1731,43.8019,55.4278,78.2155,78.6726,77.2528,33.6663
2024-08,0.073186,0.082273,0.081936,0.073579,0.176563,0.071944,0.082981,0.082652,0.075320,0.199566,56.1946,89.4017,90.9989,88.1267,43.8455,55.2157,78.1361,78.8929,77.4042,33.7135
2024-09,0.073181,0.082179,0.081953,0.073521,0.176702,0.071930,0.082883,0.082667,0.075311,0.199674,56.1069,89.0853,90.9230,87.9515,44.0404,54.9617,78.0718,79.0897,77.0095,33.7102
2024-10,0.073172,0.082090,0.081972,0.073480,0.176819,0.071913,0.082791,0.082685,0.075268,0.199810,56.1219,89.1940,90.9392,87.7669,44.0494,54.8466,78.0559,78.9595,76.7035,33.5714
2024-11,0.073160,0.082009,0.081992,0.073429,0.176940,0.071894,0.082707,0.082705,0.075238,0.199927,56.4066,89.3045,90.7114,87.5463,43.9839,54.8591,78.0627,78.8038,76.6579,33.4704
2024-12,0.073312,0.082256,0.082147,0.073302,0.176595,0.071987,0.082939,0.082820,0.075049,0.199592,56.6298,89.2487,90.6604,87.6934,43.7316,54.8958,78.2830,78.5137,76.6510,33.5403
2025-01,0.073456,0.082513,0.082306,0.073183,0.176237,0.072073,0.083180,0.082939,0.074903,0.199210,56.9709,88.9776,90.5779,87.7791,43.6089,54.8528,78.4270,78.2084,76.8179,33.5243
2025-02,0.073589,0.082781,0.082469,0.073028,0.175913,0.072151,0.083430,0.083062,0.074765,0.198812,56.6526,89.0291,90.6524,87.8505,43.5481,55.2382,78.1631,78.0166,76.9194,33.5264
2025-03,0.073543,0.082738,0.082505,0.072940,0.176054,0.072104,0.083380,0.083098,0.074726,0.198912,56.5881,89.3826,90.6803,87.7147,43.5908,55.3112,77.8702,78.0300,77.1092,33.5245
2025-04,0.073496,0.082694,0.082540,0.072889,0.176162,0.072053,0.083328,0.083134,0.074655,0.199050,56.4845,89.7056,90.5429,87.6769,43.6552,55.2930,77.6296,78.1071,77.0800,33.4999
2025-05,0.073446,0.082649,0.082575,0.072875,0.176235,0.072000,0.083274,0.083172,0.074594,0.199180,56.5239,89.7320,90.4462,87.7982,43.5748,54.5541,77.6292,78.1211,77.2123,33.5147
2025-06,0.073393,0.082603,0.082610,0.072865,0.176306,0.071943,0.083220,0.083211,0.074537,0.199311,56.2469,89.4632,90.2908,87.7228,43.5519,54.3131,77.5726,78.2793,77.1963,33.3527
2025-07,0.073343,0.082545,0.082639,0.072827,0.176422,0.071888,0.083154,0.083242,0.074497,0.199442,55.9896,89.4804,90.7704,87.7547,43.5823,54.0201,77.5032,78.2665,77.2863,33.2460
2025-08,0.073294,0.082475,0.082662,0.072775,0.176569,0.071835,0.083077,0.083265,0.074448,0.199601,55.8740,89.4201,90.8707,87.8544,43.5748,54.4221,77.5913,78.5250,77.2642,33.1971
2025-09,0.073247,0.082398,0.082681,0.072763,0.176683,0.071782,0.082994,0.083282,0.074426,0.199743,55.7968,89.4659,91.1150,88.0510,43.4363,54.5588,77.7061,78.4850,77.5093,33.2236
2025-10,0.073198,0.082325,0.082703,0.072761,0.176784,0.071728,0.082917,0.083301,0.074391,0.199893,55.7861,89.4677,90.8947,88.0804,43.2541,55.1036,77.9294,78.4824,77.9305,33.2567
2025-11,0.073147,0.082261,0.082729,0.072795,0.176836,0.071672,0.082848,0.083324,0.074383,0.200004,55.6056,89.3789,91.0162,88.1162,43.2255,55.1868,78.1556,78.2722,77.9807,33.1870
2025-12,0.073095,0.082202,0.082757,0.072788,0.176923,0.071616,0.082785,0.083350,0.074372,0.200113,55.4527,89.5149,91.0579,88.2242,43.2188,55.2646,78.2925,78.3658,78.1704,33.1198
2026-01,0.073177,0.082224,0.081799,0.071990,0.176831,0.071564,0.083062,0.083224,0.074320,0.201809,55.4791,89.4364,91.0042,88.4578,43.0389,55.2555,78.0755,78.5200,78.1902,33.0414
2026-02,0.073247,0.082267,0.080844,0.071121,0.176797,0.071498,0.083360,0.083098,0.074252,0.203516,55.4452,89.3589,90.9346,88.5582,42.7129,54.9598,78.1454,78.5048,78.5130,32.9993
